No,商品名,商品符号,MaisonKOSE,Amazon,楽天,ロハコ,＠コスメ,流通EC,イトーヨーカドー,,,,,,,,,,,,,,,,
1,ネイルホリック,DLMI005,https://maison.kose.co.jp/site/nailholic/g/gDLMI005/,https://www.amazon.co.jp/dp/B01CNFAN4W,https://item.rakuten.co.jp/rakuten24/4971710445138/,https://lohaco.jp/product/J479944/,https://www.cosme.com/products/detail.php?product_id=108278,,,,,,,,,,,,,,,,,,
2,ネイルホリック,DLMI006,https://maison.kose.co.jp/site/nailholic/g/gDLMI006/,https://www.amazon.co.jp/dp/B01CNFANTC,https://item.rakuten.co.jp/rakuten24/4971710445145/,https://lohaco.jp/product/J479891/,https://www.cosme.com/products/detail.php?product_id=108276,,,,,,,,,,,,,,,,,,
3,ネイルホリック,DLMI007,https://maison.kose.co.jp/site/nailholic/g/gDLMI007/,https://www.amazon.co.jp/dp/B01CNFAX7E,https://item.rakuten.co.jp/rakuten24/4971710445282/,https://lohaco.jp/product/J479949/,https://www.cosme.com/products/detail.php?product_id=108274,,,,,,,,,,,,,,,,,,
4,ネイルホリック,DLMI008,https://maison.kose.co.jp/site/nailholic/g/gDLMI008/,https://www.amazon.co.jp/dp/B01CNFAZXG,,https://lohaco.jp/product/J479875/,https://www.cosme.com/products/detail.php?product_id=108272,,,,,,,,,,,,,,,,,,
5,ネイルホリック,DLMI009,https://maison.kose.co.jp/site/nailholic/g/gDLMI009/,https://www.amazon.co.jp/dp/B01CNFB0SA,https://item.rakuten.co.jp/rakuten24/4971710445336/,https://lohaco.jp/product/J479878/,https://www.cosme.com/products/detail.php?product_id=108270,,,,,,,,,,,,,,,,,,
6,ネイルホリック,DLMI010,https://maison.kose.co.jp/site/nailholic/g/gDLMI010/,https://www.amazon.co.jp/dp/B01CNFB1NO,https://item.rakuten.co.jp/rakuten24/4971710445343/,https://lohaco.jp/product/J479874/,https://www.cosme.com/products/detail.php?product_id=108268,,,,,,,,,,,,,,,,,,
7,ネイルホリック,DLMI011,https://maison.kose.co.jp/site/nailholic/g/gDLMI011/,,https://item.rakuten.co.jp/rakuten24/4971710445428/,https://lohaco.jp/product/J479776/,https://www.cosme.com/products/detail.php?product_id=108266,,,,,,,,,,,,,,,,,,
8,ネイルホリック,DLMI012,https://maison.kose.co.jp/site/nailholic/g/gDLMI012/,https://www.amazon.co.jp/dp/B01CNFB95O,https://item.rakuten.co.jp/rakuten24/4971710445435/,https://lohaco.jp/product/J479775/,https://www.cosme.com/products/detail.php?product_id=108264,,,,,,,,,,,,,,,,,,
9,ネイルホリック,DLMI013,https://maison.kose.co.jp/site/nailholic/g/gDLMI013/,https://www.amazon.co.jp/dp/B07DHW3NNJ,,https://lohaco.jp/product/J479800/,https://www.cosme.com/products/detail.php?product_id=115151,,https://iyec.omni7.jp/detail/4971710475258,,,,,,,,,,,,,,,,
10,ネイルホリック,DLMI014,https://maison.kose.co.jp/site/nailholic/g/gDLMI014/,https://www.amazon.co.jp/dp/B07DHRKRYR,,https://lohaco.jp/product/J479801/,https://www.cosme.com/products/detail.php?product_id=115149,,https://iyec.omni7.jp/detail/4971710475265,,,,,,,,,,,,,,,,
11,ネイルホリック,DLMI015,https://maison.kose.co.jp/site/nailholic/g/gDLMI015/,https://www.amazon.co.jp/dp/B07DHZNV5V,,https://lohaco.jp/product/J479802/,https://www.cosme.com/products/detail.php?product_id=115147,,https://iyec.omni7.jp/detail/4971710475272,,,,,,,,,,,,,,,,
12,ネイルホリック,DLMI016,https://maison.kose.co.jp/site/nailholic/g/gDLMI016/,https://www.amazon.co.jp/dp/B07DHV3ZVZ,https://item.rakuten.co.jp/rakuten24/4971710475333/,https://lohaco.jp/product/J479882/,https://www.cosme.com/products/detail.php?product_id=115135,,https://iyec.omni7.jp/detail/4971710475333,,,,,,,,,,,,,,,,
13,ネイルホリック,DLMI017,https://maison.kose.co.jp/site/nailholic/g/gDLMI017/,https://www.amazon.co.jp/dp/B07DHRKRSV,https://item.rakuten.co.jp/rakuten24/4971710475357/,https://lohaco.jp/product/J479884/,https://www.cosme.com/products/detail.php?product_id=115131,,https://iyec.omni7.jp/detail/4971710475357,,,,,,,,,,,,,,,,
14,ネイルホリック,DLMI018,https://maison.kose.co.jp/site/nailholic/g/gDLMI018/,https://www.amazon.co.jp/dp/B07DHVN8TT,https://item.rakuten.co.jp/rakuten24/4971710475364/,https://lohaco.jp/product/J479885/,https://www.cosme.com/products/detail.php?product_id=115129,,https://iyec.omni7.jp/detail/4971710475364,,,,,,,,,,,,,,,,
15,ネイルホリック,DLMI019,https://maison.kose.co.jp/site/nailholic/g/gDLMI019/,https://www.amazon.co.jp/dp/B07DJ6BCRT,https://item.rakuten.co.jp/rakuten24/4971710475388/,https://lohaco.jp/product/J479887/,https://www.cosme.com/products/detail.php?product_id=115125,,https://iyec.omni7.jp/detail/4971710475388,,,,,,,,,,,,,,,,
16,ネイルホリック,DLMI028,https://maison.kose.co.jp/site/nailholic/g/gDLMI028/,https://www.amazon.co.jp/dp/B079ZXQNM9,https://item.rakuten.co.jp/rakuten24/4971710479447/,https://lohaco.jp/product/J479851/,https://www.cosme.com/products/detail.php?product_id=131687,,,,,,,,,,,,,,,,,,
17,ネイルホリック,DLMI029,https://maison.kose.co.jp/site/nailholic/g/gDLMI029/,https://www.amazon.co.jp/dp/B079ZXQ28D,https://item.rakuten.co.jp/rakuten24/4971710479454/,https://lohaco.jp/product/J479850/,https://www.cosme.com/products/detail.php?product_id=131685,,,,,,,,,,,,,,,,,,
18,ネイルホリック,DLMI040,https://maison.kose.co.jp/site/nailholic/g/gDLMI040/,https://www.amazon.co.jp/dp/B07DHZKSFG,https://item.rakuten.co.jp/rakuten24/4971710475449/,https://lohaco.jp/product/J479827/,https://www.cosme.com/products/detail.php?product_id=115113,,https://iyec.omni7.jp/detail/4971710475449,,,,,,,,,,,,,,,,
19,ネイルホリック,DLMI041,https://maison.kose.co.jp/site/nailholic/g/gDLMI041/,https://www.amazon.co.jp/dp/B07DHRKPTL,https://item.rakuten.co.jp/rakuten24/4971710475531/,https://lohaco.jp/product/J479777/,https://www.cosme.com/products/detail.php?product_id=115095,,,,,,,,,,,,,,,,,,
20,ネイルホリック,DLMI042,https://maison.kose.co.jp/site/nailholic/g/gDLMI042/,https://www.amazon.co.jp/dp/B07DHRKT4F,https://item.rakuten.co.jp/rakuten24/4971710475548/,https://lohaco.jp/product/J479778/,https://www.cosme.com/products/detail.php?product_id=115093,,https://iyec.omni7.jp/detail/4971710475548,,,,,,,,,,,,,,,,
21,ネイルホリック,DLMI043,https://maison.kose.co.jp/site/nailholic/g/gDLMI043/,https://www.amazon.co.jp/dp/B07DHVTVJ2,https://item.rakuten.co.jp/rakuten24/4971710475555/,https://lohaco.jp/product/J479779/,https://www.cosme.com/products/detail.php?product_id=115091,,https://iyec.omni7.jp/detail/4971710475555,,,,,,,,,,,,,,,,
22,ネイルホリック,DLMI044,https://maison.kose.co.jp/site/nailholic/g/gDLMI044/,https://www.amazon.co.jp/dp/B07DJ8Z3ND,,https://lohaco.jp/product/J479833/,https://www.cosme.com/products/detail.php?product_id=115097,,https://iyec.omni7.jp/detail/4971710475524,,,,,,,,,,,,,,,,
23,ネイルホリック,DLMI103,https://maison.kose.co.jp/site/nailholic/g/gDLMI103/,https://www.amazon.co.jp/dp/B01CNFAGLM,https://item.rakuten.co.jp/rakuten24/4971710445046/,https://lohaco.jp/product/J479909/,https://www.cosme.com/products/detail.php?product_id=108256,,,,,,,,,,,,,,,,,,
24,ネイルホリック,DLMI104,https://maison.kose.co.jp/site/nailholic/g/gDLMI104/,https://www.amazon.co.jp/dp/B01CNFAHBG,https://item.rakuten.co.jp/rakuten24/4971710445053/,https://lohaco.jp/product/J479880/,https://www.cosme.com/products/detail.php?product_id=108254,,,,,,,,,,,,,,,,,,
25,ネイルホリック,DLMI105,https://maison.kose.co.jp/site/nailholic/g/gDLMI105/,https://www.amazon.co.jp/dp/B01CNFB48G,https://item.rakuten.co.jp/rakuten24/4971710445374/,https://lohaco.jp/product/J479881/,https://www.cosme.com/products/detail.php?product_id=108252,,,,,,,,,,,,,,,,,,
26,ネイルホリック,DLMI106,https://maison.kose.co.jp/site/nailholic/g/gDLMI106/,https://www.amazon.co.jp/dp/B01CNFB4VI,https://item.rakuten.co.jp/rakuten24/4971710445381/,https://lohaco.jp/product/J479872/,https://www.cosme.com/products/detail.php?product_id=108250,,,,,,,,,,,,,,,,,,
27,ネイルホリック,DLMI107,https://maison.kose.co.jp/site/nailholic/g/gDLMI107/,https://www.amazon.co.jp/dp/B01KLNGN2Y,https://item.rakuten.co.jp/rakuten24/4971710466447/,https://lohaco.jp/product/J479919/,https://www.cosme.com/products/detail.php?product_id=108232,,,,,,,,,,,,,,,,,,
28,ネイルホリック,DLMI108,https://maison.kose.co.jp/site/nailholic/g/gDLMI108/,https://www.amazon.co.jp/dp/B01KLNH0MQ,https://item.rakuten.co.jp/rakuten24/4971710466454/,https://lohaco.jp/product/J479918/,https://www.cosme.com/products/detail.php?product_id=108230,,,,,,,,,,,,,,,,,,
29,ネイルホリック,DLMI109,https://maison.kose.co.jp/site/nailholic/g/gDLMI109/,https://www.amazon.co.jp/dp/B06XXH3P3Z,,https://lohaco.jp/product/J479796/,https://www.cosme.com/products/detail.php?product_id=108196,,,,,,,,,,,,,,,,,,
30,ネイルホリック,DLMI110,https://maison.kose.co.jp/site/nailholic/g/gDLMI110/,https://www.amazon.co.jp/dp/B07DHW3W1S,,https://lohaco.jp/product/J479864/,https://www.cosme.com/products/detail.php?product_id=115165,,https://iyec.omni7.jp/detail/4971710475180,,,,,,,,,,,,,,,,
31,ネイルホリック,DLMI111,https://maison.kose.co.jp/site/nailholic/g/gDLMI111/,https://www.amazon.co.jp/dp/B07DHW3NG1,https://item.rakuten.co.jp/rakuten24/4971710475241/,,https://www.cosme.com/products/detail.php?product_id=115153,,,,,,,,,,,,,,,,,,
32,ネイルホリック,DLMI112,https://maison.kose.co.jp/site/nailholic/g/gDLMI112/,https://www.amazon.co.jp/dp/B07DHV9PH9,https://item.rakuten.co.jp/rakuten24/4971710475296/,https://lohaco.jp/product/J479804/,https://www.cosme.com/products/detail.php?product_id=115143,,https://iyec.omni7.jp/detail/4971710475296,,,,,,,,,,,,,,,,
33,ネイルホリック,DLMI113,https://maison.kose.co.jp/site/nailholic/g/gDLMI113/,https://www.amazon.co.jp/dp/B07DHVSCB7,https://item.rakuten.co.jp/rakuten24/4971710475401/,https://lohaco.jp/product/J479889/,https://www.cosme.com/products/detail.php?product_id=115121,,https://iyec.omni7.jp/detail/4971710475401,,,,,,,,,,,,,,,,
34,ネイルホリック,DLMI114,https://maison.kose.co.jp/site/nailholic/g/gDLMI114/,https://www.amazon.co.jp/dp/B07DHV9PDR,https://item.rakuten.co.jp/rakuten24/4971710475418/,https://lohaco.jp/product/J479890/,https://www.cosme.com/products/detail.php?product_id=115119,,https://iyec.omni7.jp/detail/4971710475418,,,,,,,,,,,,,,,,
35,ネイルホリック,DLMI115,https://maison.kose.co.jp/site/nailholic/g/gDLMI115/,https://www.amazon.co.jp/dp/B079ZMTPG1,https://item.rakuten.co.jp/rakuten24/4971710479379/,https://lohaco.jp/product/J479838/,https://www.cosme.com/products/detail.php?product_id=131683,,,,,,,,,,,,,,,,,,
36,ネイルホリック,DLMI116,https://maison.kose.co.jp/site/nailholic/g/gDLMI116/,https://www.amazon.co.jp/dp/B079ZTJ1LQ,https://item.rakuten.co.jp/rakuten24/4971710479416/,https://lohaco.jp/product/J479849/,https://www.cosme.com/products/detail.php?product_id=131681,,,,,,,,,,,,,,,,,,
37,ネイルホリック,DLMI200,https://maison.kose.co.jp/site/nailholic/g/gDLMI200/,https://www.amazon.co.jp/dp/B01CNFBHJC,https://item.rakuten.co.jp/rakuten24/4971710444872/,https://lohaco.jp/product/J479904/,https://www.cosme.com/products/detail.php?product_id=108248,,,,,,,,,,,,,,,,,,
38,ネイルホリック,DLMI201,https://maison.kose.co.jp/site/nailholic/g/gDLMI201/,https://www.amazon.co.jp/dp/B01CNFBIDW,,https://lohaco.jp/product/J479912/,https://www.cosme.com/products/detail.php?product_id=108246,,,,,,,,,,,,,,,,,,
39,ネイルホリック,DLMI202,https://maison.kose.co.jp/site/nailholic/g/gDLMI202/,https://www.amazon.co.jp/dp/B01CNFBJ2M,,https://lohaco.jp/product/J479905/,https://www.cosme.com/products/detail.php?product_id=108244,,,,,,,,,,,,,,,,,,
40,ネイルホリック,DLMI204,https://maison.kose.co.jp/site/nailholic/g/gDLMI204/,https://www.amazon.co.jp/dp/B01KLNGY3W,,https://lohaco.jp/product/J479916/,https://www.cosme.com/products/detail.php?product_id=108228,,,,,,,,,,,,,,,,,,
41,ネイルホリック,DLMI205,https://maison.kose.co.jp/site/nailholic/g/gDLMI205/,https://www.amazon.co.jp/dp/B01KLNGLL2,,https://lohaco.jp/product/J479917/,https://www.cosme.com/products/detail.php?product_id=108226,,,,,,,,,,,,,,,,,,
42,ネイルホリック,DLMI206,https://maison.kose.co.jp/site/nailholic/g/gDLMI206/,https://www.amazon.co.jp/dp/B06XXXV4W4,,https://lohaco.jp/product/J479793/,https://www.cosme.com/products/detail.php?product_id=108188,,,,,,,,,,,,,,,,,,
43,ネイルホリック,DLMI207,https://maison.kose.co.jp/site/nailholic/g/gDLMI207/,https://www.amazon.co.jp/dp/B07DHZDGPZ,https://item.rakuten.co.jp/rakuten24/4971710475210/,https://lohaco.jp/product/J479867/,https://www.cosme.com/products/detail.php?product_id=115159,,https://iyec.omni7.jp/detail/4971710475210,,,,,,,,,,,,,,,,
44,ネイルホリック,DLMI208,https://maison.kose.co.jp/site/nailholic/g/gDLMI208/,https://www.amazon.co.jp/dp/B079ZTBGNK,,https://lohaco.jp/product/J479834/,https://www.cosme.com/products/detail.php?product_id=131679,,,,,,,,,,,,,,,,,,
45,ネイルホリック,DLMI209,https://maison.kose.co.jp/site/nailholic/g/gDLMI209/,https://www.amazon.co.jp/dp/B0845HKTRN,,https://lohaco.jp/product/X355598/,https://www.cosme.com/products/detail.php?product_id=188744,,,,,,,,,,,,,,,,,,
46,ネイルホリック,DLMI210,https://maison.kose.co.jp/site/nailholic/g/gDLMI210/,https://www.amazon.co.jp/dp/B0845HGSXZ,,https://lohaco.jp/product/X355609/,https://www.cosme.com/products/detail.php?product_id=188742,,,,,,,,,,,,,,,,,,
47,ネイルホリック,DLMI300,https://maison.kose.co.jp/site/nailholic/g/gDLMI300/,https://www.amazon.co.jp/dp/B01CNFAOP0,,https://lohaco.jp/product/J479892/,https://www.cosme.com/products/detail.php?product_id=108240,,,,,,,,,,,,,,,,,,
48,ネイルホリック,DLMI301,https://maison.kose.co.jp/site/nailholic/g/gDLMI301/,https://www.amazon.co.jp/dp/B01CNFAPFY,https://item.rakuten.co.jp/rakuten24/4971710445169/,https://lohaco.jp/product/J479893/,https://www.cosme.com/products/detail.php?product_id=108238,,,,,,,,,,,,,,,,,,
49,ネイルホリック,DLMI302,https://maison.kose.co.jp/site/nailholic/g/gDLMI302/,https://www.amazon.co.jp/dp/B01CNFAQ1C,https://item.rakuten.co.jp/rakuten24/4971710445176/,https://lohaco.jp/product/J479897/,https://www.cosme.com/products/detail.php?product_id=108236,,,,,,,,,,,,,,,,,,
50,ネイルホリック,DLMI303,https://maison.kose.co.jp/site/nailholic/g/gDLMI303/,https://www.amazon.co.jp/dp/B01CNFAWG6,https://item.rakuten.co.jp/rakuten24/4971710445275/,https://lohaco.jp/product/J479895/,https://www.cosme.com/products/detail.php?product_id=108234,,,,,,,,,,,,,,,,,,
51,ネイルホリック,DLMI304,https://maison.kose.co.jp/site/nailholic/g/gDLMI304/,https://www.amazon.co.jp/dp/B01CNFAXTM,https://item.rakuten.co.jp/rakuten24/4971710445299/,https://lohaco.jp/product/J479948/,https://www.cosme.com/products/detail.php?product_id=108352,,,,,,,,,,,,,,,,,,
52,ネイルホリック,DLMI305,https://maison.kose.co.jp/site/nailholic/g/gDLMI305/,https://www.amazon.co.jp/dp/B01CNFAYMI,https://item.rakuten.co.jp/rakuten24/4971710445305/,https://lohaco.jp/product/J479879/,https://www.cosme.com/products/detail.php?product_id=108350,,,,,,,,,,,,,,,,,,
53,ネイルホリック,DLMI306,https://maison.kose.co.jp/site/nailholic/g/gDLMI306/,https://www.amazon.co.jp/dp/B01KLNH1PC,https://item.rakuten.co.jp/rakuten24/4971710466485/,https://lohaco.jp/product/J479926/,https://www.cosme.com/products/detail.php?product_id=108224,,,,,,,,,,,,,,,,,,
54,ネイルホリック,DLMI307,https://maison.kose.co.jp/site/nailholic/g/gDLMI307/,https://www.amazon.co.jp/dp/B01KLNH7O2,https://item.rakuten.co.jp/rakuten24/4971710466492/,https://lohaco.jp/product/J479927/,https://www.cosme.com/products/detail.php?product_id=108222,,,,,,,,,,,,,,,,,,
55,ネイルホリック,DLMI308,https://maison.kose.co.jp/site/nailholic/g/gDLMI308/,https://www.amazon.co.jp/dp/B01KLNGPV8,https://item.rakuten.co.jp/rakuten24/4971710466508/,https://lohaco.jp/product/J479929/,https://www.cosme.com/products/detail.php?product_id=108220,,,,,,,,,,,,,,,,,,
56,ネイルホリック,DLMI309,https://maison.kose.co.jp/site/nailholic/g/gDLMI309/,https://www.amazon.co.jp/dp/B01KLNH8W8,https://item.rakuten.co.jp/rakuten24/4971710466515/,https://lohaco.jp/product/J479928/,https://www.cosme.com/products/detail.php?product_id=108218,,,,,,,,,,,,,,,,,,
57,ネイルホリック,DLMI310,https://maison.kose.co.jp/site/nailholic/g/gDLMI310/,https://www.amazon.co.jp/dp/B06XY2F6MJ,https://item.rakuten.co.jp/rakuten24/4971710471724/,https://lohaco.jp/product/J479937/,https://www.cosme.com/products/detail.php?product_id=108186,,,,,,,,,,,,,,,,,,
58,ネイルホリック,DLMI311,https://maison.kose.co.jp/site/nailholic/g/gDLMI311/,https://www.amazon.co.jp/dp/B07DHVS524,https://item.rakuten.co.jp/rakuten24/4971710475227/,https://lohaco.jp/product/J479868/,https://www.cosme.com/products/detail.php?product_id=115157,,,,,,,,,,,,,,,,,,
59,ネイルホリック,DLMI312,https://maison.kose.co.jp/site/nailholic/g/gDLMI312/,https://www.amazon.co.jp/dp/B07DHV421N,,https://lohaco.jp/product/J479803/,https://www.cosme.com/products/detail.php?product_id=115145,,https://iyec.omni7.jp/detail/4971710475289,,,,,,,,,,,,,,,,
60,ネイルホリック,DLMI313,https://maison.kose.co.jp/site/nailholic/g/gDLMI313/,https://www.amazon.co.jp/dp/B07DHV3ZWG,,https://lohaco.jp/product/J479807/,https://www.cosme.com/products/detail.php?product_id=115137,,https://iyec.omni7.jp/detail/4971710475326,,,,,,,,,,,,,,,,
61,ネイルホリック,DLMI314,https://maison.kose.co.jp/site/nailholic/g/gDLMI314/,https://www.amazon.co.jp/dp/B07DHZP5SD,https://item.rakuten.co.jp/rakuten24/4971710475371/,https://lohaco.jp/product/J479886/,https://www.cosme.com/products/detail.php?product_id=115127,,https://iyec.omni7.jp/detail/4971710475371,,,,,,,,,,,,,,,,
62,ネイルホリック,DLMI315,https://maison.kose.co.jp/site/nailholic/g/gDLMI315/,https://www.amazon.co.jp/dp/B07DHVZBKM,https://item.rakuten.co.jp/rakuten24/4971710475395/,https://lohaco.jp/product/J479888/,https://www.cosme.com/products/detail.php?product_id=115123,,https://iyec.omni7.jp/detail/4971710475395,,,,,,,,,,,,,,,,
63,ネイルホリック,DLMI316,https://maison.kose.co.jp/site/nailholic/g/gDLMI316/,https://www.amazon.co.jp/dp/B07DHRHHNG,https://item.rakuten.co.jp/rakuten24/4971710475463/,https://lohaco.jp/product/J479829/,https://www.cosme.com/products/detail.php?product_id=115109,,https://iyec.omni7.jp/detail/4971710475463,,,,,,,,,,,,,,,,
64,ネイルホリック,DLMI317,https://maison.kose.co.jp/site/nailholic/g/gDLMI317/,https://www.amazon.co.jp/dp/B07DJ73BLK,,https://lohaco.jp/product/J479830/,https://www.cosme.com/products/detail.php?product_id=115107,,https://iyec.omni7.jp/detail/4971710475470,,,,,,,,,,,,,,,,
65,ネイルホリック,DLMI318,https://maison.kose.co.jp/site/nailholic/g/gDLMI318/,https://www.amazon.co.jp/dp/B07DHRKRXC,https://item.rakuten.co.jp/rakuten24/4971710475487/,https://lohaco.jp/product/J479831/,https://www.cosme.com/products/detail.php?product_id=115105,,https://iyec.omni7.jp/detail/4971710475487,,,,,,,,,,,,,,,,
66,ネイルホリック,DLMI319,https://maison.kose.co.jp/site/nailholic/g/gDLMI319/,https://www.amazon.co.jp/dp/B07DHW3RXY,https://item.rakuten.co.jp/rakuten24/4971710475494/,https://lohaco.jp/product/J479832/,https://www.cosme.com/products/detail.php?product_id=115103,,https://iyec.omni7.jp/detail/4971710475494,,,,,,,,,,,,,,,,
67,ネイルホリック,DLMI320,https://maison.kose.co.jp/site/nailholic/g/gDLMI320/,https://www.amazon.co.jp/dp/B07DHZNVDY,https://item.rakuten.co.jp/rakuten24/4971710475517/,https://lohaco.jp/product/J479808/,https://www.cosme.com/products/detail.php?product_id=115099,,https://iyec.omni7.jp/detail/4971710475517,,,,,,,,,,,,,,,,
68,ネイルホリック,DLMI321,https://maison.kose.co.jp/site/nailholic/g/gDLMI321/,https://www.amazon.co.jp/dp/B0845HC6PW,,https://lohaco.jp/product/X355595/,https://www.cosme.com/products/detail.php?product_id=188736,,,,,,,,,,,,,,,,,,
69,ネイルホリック,DLMI400,https://maison.kose.co.jp/site/nailholic/g/gDLMI400/,https://www.amazon.co.jp/dp/B01CNFBGPW,,https://lohaco.jp/product/J479870/,https://www.cosme.com/products/detail.php?product_id=108348,,,,,,,,,,,,,,,,,,
70,ネイルホリック,DLMI402,https://maison.kose.co.jp/site/nailholic/g/gDLMI402/,https://www.amazon.co.jp/dp/B01CNFB2CO,https://item.rakuten.co.jp/rakuten24/4971710445350/,https://lohaco.jp/product/J479876/,https://www.cosme.com/products/detail.php?product_id=108344,,,,,,,,,,,,,,,,,,
71,ネイルホリック,DLMI403,https://maison.kose.co.jp/site/nailholic/g/gDLMI403/,https://www.amazon.co.jp/dp/B06XXLMVQQ,https://item.rakuten.co.jp/rakuten24/4971710445367/,https://lohaco.jp/product/J479871/,https://www.cosme.com/products/detail.php?product_id=108342,,,,,,,,,,,,,,,,,,
72,ネイルホリック,DLMI404,https://maison.kose.co.jp/site/nailholic/g/gDLMI404/,https://www.amazon.co.jp/dp/B01KLNGWZC,https://item.rakuten.co.jp/rakuten24/4971710466409/,https://lohaco.jp/product/J479925/,https://www.cosme.com/products/detail.php?product_id=108216,,,,,,,,,,,,,,,,,,
73,ネイルホリック,DLMI405,https://maison.kose.co.jp/site/nailholic/g/gDLMI405/,https://www.amazon.co.jp/dp/B01KLNGT0A,https://item.rakuten.co.jp/rakuten24/4971710466416/,https://lohaco.jp/product/J479924/,https://www.cosme.com/products/detail.php?product_id=108214,,,,,,,,,,,,,,,,,,
74,ネイルホリック,DLMI406,https://maison.kose.co.jp/site/nailholic/g/gDLMI406/,https://www.amazon.co.jp/dp/B06XXXV4WG,https://item.rakuten.co.jp/rakuten24/4971710471854/,https://lohaco.jp/product/J479903/,https://www.cosme.com/products/detail.php?product_id=108194,,,,,,,,,,,,,,,,,,
75,ネイルホリック,DLMI407,https://maison.kose.co.jp/site/nailholic/g/gDLMI407/,https://www.amazon.co.jp/dp/B07DHW3RX4,https://item.rakuten.co.jp/rakuten24/4971710475197/,https://lohaco.jp/product/J479865/,https://www.cosme.com/products/detail.php?product_id=115163,,https://iyec.omni7.jp/detail/4971710475197,,,,,,,,,,,,,,,,
76,ネイルホリック,DLMI408,https://maison.kose.co.jp/site/nailholic/g/gDLMI408/,https://www.amazon.co.jp/dp/B07DHRHHLZ,,https://lohaco.jp/product/J479866/,https://www.cosme.com/products/detail.php?product_id=115161,,https://iyec.omni7.jp/detail/4971710475203,,,,,,,,,,,,,,,,
77,ネイルホリック,DLMI409,https://maison.kose.co.jp/site/nailholic/g/gDLMI409/,https://www.amazon.co.jp/dp/B079ZV9VNW,,https://lohaco.jp/product/J479848/,https://www.cosme.com/products/detail.php?product_id=131677,,,,,,,,,,,,,,,,,,
78,ネイルホリック,DLMI410,https://maison.kose.co.jp/site/nailholic/g/gDLMI410/,https://www.amazon.co.jp/dp/B0845H3D9K,,https://lohaco.jp/product/X355602/,https://www.cosme.com/products/detail.php?product_id=188750,,,,,,,,,,,,,,,,,,
79,ネイルホリック,DLMI411,https://maison.kose.co.jp/site/nailholic/g/gDLMI411/,https://www.amazon.co.jp/dp/B0845HJNR6,,https://lohaco.jp/product/X355606/,https://www.cosme.com/products/detail.php?product_id=188748,,,,,,,,,,,,,,,,,,
80,ネイルホリック,DLMI412,https://maison.kose.co.jp/site/nailholic/g/gDLMI412/,https://www.amazon.co.jp/dp/B0845H4DXW,,https://lohaco.jp/product/X355607/,https://www.cosme.com/products/detail.php?product_id=188746,,,,,,,,,,,,,,,,,,
81,ネイルホリック,DLMI413,https://maison.kose.co.jp/site/nailholic/g/gDLMI413/,https://www.amazon.co.jp/dp/B0845H51B6,,https://lohaco.jp/product/X355612/,https://www.cosme.com/products/detail.php?product_id=188740,,,,,,,,,,,,,,,,,,
82,ネイルホリック,DLMI414,https://maison.kose.co.jp/site/nailholic/g/gDLMI414/,https://www.amazon.co.jp/dp/B0845HCHNN,,https://lohaco.jp/product/X355589/,https://www.cosme.com/products/detail.php?product_id=188738,,,,,,,,,,,,,,,,,,
83,ネイルホリック,DLMI502,https://maison.kose.co.jp/site/nailholic/g/gDLMI502/,https://www.amazon.co.jp/dp/B01CNFA7SE,https://item.rakuten.co.jp/rakuten24/4971710444933,https://lohaco.jp/product/J479906/,https://www.cosme.com/products/detail.php?product_id=108336,,,,,,,,,,,,,,,,,,
84,ネイルホリック,DLMI503,https://maison.kose.co.jp/site/nailholic/g/gDLMI503/,https://www.amazon.co.jp/dp/B01KLNGZAE,https://item.rakuten.co.jp/rakuten24/4971710466379/,https://lohaco.jp/product/J479915/,https://www.cosme.com/products/detail.php?product_id=108212,,,,,,,,,,,,,,,,,,
85,ネイルホリック,DLMI504,https://maison.kose.co.jp/site/nailholic/g/gDLMI504/,https://www.amazon.co.jp/dp/B06XXS7CLL,,https://lohaco.jp/product/J479792/,https://www.cosme.com/products/detail.php?product_id=108192,,,,,,,,,,,,,,,,,,
86,ネイルホリック,DLMI505,https://maison.kose.co.jp/site/nailholic/g/gDLMI505/,https://www.amazon.co.jp/dp/B06XY1TRMG,https://item.rakuten.co.jp/rakuten24/4971710471809/,https://lohaco.jp/product/J479898/,https://www.cosme.com/products/detail.php?product_id=108190,,,,,,,,,,,,,,,,,,
87,ネイルホリック,DLMI506,https://maison.kose.co.jp/site/nailholic/g/gDLMI506/,https://www.amazon.co.jp/dp/B07DHZVGWM,,https://lohaco.jp/product/J479828/,https://www.cosme.com/products/detail.php?product_id=115111,,,,,,,,,,,,,,,,,,
88,ネイルホリック,DLMI507,https://maison.kose.co.jp/site/nailholic/g/gDLMI507/,https://www.amazon.co.jp/dp/B07DJ7NPF4,https://item.rakuten.co.jp/rakuten24/4971710475500/,https://lohaco.jp/product/J479869/,https://www.cosme.com/products/detail.php?product_id=115101,,https://iyec.omni7.jp/detail/4971710475500,,,,,,,,,,,,,,,,
89,ネイルホリック,DLMI508,https://maison.kose.co.jp/site/nailholic/g/gDLMI508/,https://www.amazon.co.jp/dp/B079ZWMX33,,https://lohaco.jp/product/J479845/,https://www.cosme.com/products/detail.php?product_id=131675,,,,,,,,,,,,,,,,,,
90,ネイルホリック,DLMI600,https://maison.kose.co.jp/site/nailholic/g/gDLMI600/,https://www.amazon.co.jp/dp/B01CNFAAI6,,,https://www.cosme.com/products/detail.php?product_id=108334,,,,,,,,,,,,,,,,,,
91,ネイルホリック,DLMI601,https://maison.kose.co.jp/site/nailholic/g/gDLMI601/,https://www.amazon.co.jp/dp/B01CNFAI4M,,https://lohaco.jp/product/J479911/,https://www.cosme.com/products/detail.php?product_id=108332,,,,,,,,,,,,,,,,,,
92,ネイルホリック,DLMI602,https://maison.kose.co.jp/site/nailholic/g/gDLMI602/,https://www.amazon.co.jp/dp/B01CNFAQUI,https://item.rakuten.co.jp/rakuten24/4971710445183/,https://lohaco.jp/product/J479946/,https://www.cosme.com/products/detail.php?product_id=108330,,,,,,,,,,,,,,,,,,
93,ネイルホリック,DLMI603,https://maison.kose.co.jp/site/nailholic/g/gDLMI603/,https://www.amazon.co.jp/dp/B01CNFARLQ,https://item.rakuten.co.jp/rakuten24/4971710445190/,https://lohaco.jp/product/J479945/,https://www.cosme.com/products/detail.php?product_id=108328,,,,,,,,,,,,,,,,,,
94,ネイルホリック,DLMI604,https://maison.kose.co.jp/site/nailholic/g/gDLMI604/,https://www.amazon.co.jp/dp/B01KLNGU7C,https://item.rakuten.co.jp/rakuten24/4971710466461/,https://lohaco.jp/product/J479922/,https://www.cosme.com/products/detail.php?product_id=108210,,,,,,,,,,,,,,,,,,
95,ネイルホリック,DLMI605,https://maison.kose.co.jp/site/nailholic/g/gDLMI605/,https://www.amazon.co.jp/dp/B06XXXY1LP,https://item.rakuten.co.jp/rakuten24/4971710471847/,https://lohaco.jp/product/J479902/,https://www.cosme.com/products/detail.php?product_id=108184,,,,,,,,,,,,,,,,,,
96,ネイルホリック,DLMI606,https://maison.kose.co.jp/site/nailholic/g/gDLMI606/,https://www.amazon.co.jp/dp/B07DHZCYGX,,,https://www.cosme.com/products/detail.php?product_id=115167,,https://iyec.omni7.jp/detail/4971710475173,,,,,,,,,,,,,,,,
97,ネイルホリック,DLMI702,https://maison.kose.co.jp/site/nailholic/g/gDLMI702/,https://www.amazon.co.jp/dp/B01KLNGJDC,https://item.rakuten.co.jp/rakuten24/4971710466423/,https://lohaco.jp/product/J479920/,https://www.cosme.com/products/detail.php?product_id=108208,,,,,,,,,,,,,,,,,,
98,ネイルホリック,DLMI703,https://maison.kose.co.jp/site/nailholic/g/gDLMI703/,https://www.amazon.co.jp/dp/B01KLNGOKK,https://item.rakuten.co.jp/rakuten24/4971710466522/,https://lohaco.jp/product/J479930/,https://www.cosme.com/products/detail.php?product_id=108206,,,,,,,,,,,,,,,,,,
99,ネイルホリック,DLMI704,https://maison.kose.co.jp/site/nailholic/g/gDLMI704/,https://www.amazon.co.jp/dp/B01KLNGVIK,https://item.rakuten.co.jp/rakuten24/4971710466539/,https://lohaco.jp/product/J479931/,https://www.cosme.com/products/detail.php?product_id=108204,,,,,,,,,,,,,,,,,,
100,ネイルホリック,DLMI705,https://maison.kose.co.jp/site/nailholic/g/gDLMI705/,https://www.amazon.co.jp/dp/B06XY3F82T,https://item.rakuten.co.jp/rakuten24/4971710471816/,https://lohaco.jp/product/J479899/,https://www.cosme.com/products/detail.php?product_id=108182,,,,,,,,,,,,,,,,,,
101,ネイルホリック,DLMI706,https://maison.kose.co.jp/site/nailholic/g/gDLMI706/,https://www.amazon.co.jp/dp/B07DHV3ZX2,https://item.rakuten.co.jp/rakuten24/4971710475135/,https://lohaco.jp/product/J479859/,https://www.cosme.com/products/detail.php?product_id=115175,,,,,,,,,,,,,,,,,,
102,ネイルホリック,DLMI707,https://maison.kose.co.jp/site/nailholic/g/gDLMI707/,https://www.amazon.co.jp/dp/B07DHW78ML,,https://lohaco.jp/product/J479860/,https://www.cosme.com/products/detail.php?product_id=115173,,https://iyec.omni7.jp/detail/4971710475142,,,,,,,,,,,,,,,,
103,ネイルホリック,DLMI708,https://maison.kose.co.jp/site/nailholic/g/gDLMI708/,https://www.amazon.co.jp/dp/B07DHZND18,,https://lohaco.jp/product/J479826/,https://www.cosme.com/products/detail.php?product_id=115115,,https://iyec.omni7.jp/detail/4971710475432,,,,,,,,,,,,,,,,
104,ネイルホリック,DLMI709,https://maison.kose.co.jp/site/nailholic/g/gDLMI709/,https://www.amazon.co.jp/dp/B079ZVKDVD,https://item.rakuten.co.jp/rakuten24/4971710479324/,https://lohaco.jp/product/J479844/,https://www.cosme.com/products/detail.php?product_id=131673,,,,,,,,,,,,,,,,,,
105,ネイルホリック,DLMI710,https://maison.kose.co.jp/site/nailholic/g/gDLMI710/,https://www.amazon.co.jp/dp/B079ZYK1NK,https://item.rakuten.co.jp/rakuten24/4971710479355/,https://lohaco.jp/product/J479836/,https://www.cosme.com/products/detail.php?product_id=131671,,,,,,,,,,,,,,,,,,
106,ネイルホリック,DLMI711,https://maison.kose.co.jp/site/nailholic/g/gDLMI711/,https://www.amazon.co.jp/dp/B079ZSF8X9,https://item.rakuten.co.jp/rakuten24/4971710479393/,https://lohaco.jp/product/J479839/,https://www.cosme.com/products/detail.php?product_id=131669,,,,,,,,,,,,,,,,,,
107,ネイルホリック,DLMI712,https://maison.kose.co.jp/site/nailholic/g/gDLMI712/,https://www.amazon.co.jp/dp/B079ZSL6YG,,https://lohaco.jp/product/J479847/,https://www.cosme.com/products/detail.php?product_id=131667,,,,,,,,,,,,,,,,,,
108,ネイルホリック,DLMI713,https://maison.kose.co.jp/site/nailholic/g/gDLMI713/,https://www.amazon.co.jp/dp/B0845HCJDG,,https://lohaco.jp/product/X355608/,https://www.cosme.com/products/detail.php?product_id=188734,,,,,,,,,,,,,,,,,,
109,ネイルホリック,DLMI714,https://maison.kose.co.jp/site/nailholic/g/gDLMI714/,https://www.amazon.co.jp/dp/B0845H72F5,,https://lohaco.jp/product/X355592/,https://www.cosme.com/products/detail.php?product_id=188732,,,,,,,,,,,,,,,,,,
110,ネイルホリック,DLMI715,https://maison.kose.co.jp/site/nailholic/g/gDLMI715/,https://www.amazon.co.jp/dp/B0845H5G8G,,https://lohaco.jp/product/X355591/,https://www.cosme.com/products/detail.php?product_id=188730,,,,,,,,,,,,,,,,,,
111,ネイルホリック,DLMI716,https://maison.kose.co.jp/site/nailholic/g/gDLMI716/,https://www.amazon.co.jp/dp/B0845HLP5Q,,https://lohaco.jp/product/X355626/,https://www.cosme.com/products/detail.php?product_id=188728,,,,,,,,,,,,,,,,,,
112,ネイルホリック,DLMI800,https://maison.kose.co.jp/site/nailholic/g/gDLMI800/,https://www.amazon.co.jp/dp/B01CNFAU9K,https://item.rakuten.co.jp/rakuten24/4971710445237/,https://lohaco.jp/product/J479913/,https://www.cosme.com/products/detail.php?product_id=108326,,,,,,,,,,,,,,,,,,
113,ネイルホリック,DLMI801,https://maison.kose.co.jp/site/nailholic/g/gDLMI801/,https://www.amazon.co.jp/dp/B01CNFAZ9A,,https://lohaco.jp/product/J479914/,https://www.cosme.com/products/detail.php?product_id=108322,,,,,,,,,,,,,,,,,,
114,ネイルホリック,DLMI804,https://maison.kose.co.jp/site/nailholic/g/gDLMI804/,https://www.amazon.co.jp/dp/B01CNFASCE,https://item.rakuten.co.jp/rakuten24/4971710445206/,https://lohaco.jp/product/J479940/,https://www.cosme.com/products/detail.php?product_id=108316,,,,,,,,,,,,,,,,,,
115,ネイルホリック,DLMI805,https://maison.kose.co.jp/site/nailholic/g/gDLMI805/,https://www.amazon.co.jp/dp/B01CNFAT0A,https://item.rakuten.co.jp/rakuten24/4971710445213/,https://lohaco.jp/product/J479947/,https://www.cosme.com/products/detail.php?product_id=108314,,,,,,,,,,,,,,,,,,
116,ネイルホリック,DLMI806,https://maison.kose.co.jp/site/nailholic/g/gDLMI806/,https://www.amazon.co.jp/dp/B01CNFATLO,https://item.rakuten.co.jp/rakuten24/4971710445220/,https://lohaco.jp/product/J479941/,https://www.cosme.com/products/detail.php?product_id=108312,,,,,,,,,,,,,,,,,,
117,ネイルホリック,DLMI807,https://maison.kose.co.jp/site/nailholic/g/gDLMI807/,https://www.amazon.co.jp/dp/B01CNFAUUE,https://item.rakuten.co.jp/rakuten24/4971710445244/,https://lohaco.jp/product/J479939/,https://www.cosme.com/products/detail.php?product_id=108310,,,,,,,,,,,,,,,,,,
118,ネイルホリック,DLMI808,https://maison.kose.co.jp/site/nailholic/g/gDLMI808/,https://www.amazon.co.jp/dp/B01CNFAVDK,https://item.rakuten.co.jp/rakuten24/4971710445251/,https://lohaco.jp/product/J479942/,https://www.cosme.com/products/detail.php?product_id=108308,,,,,,,,,,,,,,,,,,
119,ネイルホリック,DLMI809,https://maison.kose.co.jp/site/nailholic/g/gDLMI809/,https://www.amazon.co.jp/dp/B01CNFAVYY,,https://lohaco.jp/product/J479943/,https://www.cosme.com/products/detail.php?product_id=108306,,,,,,,,,,,,,,,,,,
120,ネイルホリック,DLMI810,https://maison.kose.co.jp/site/nailholic/g/gDLMI810/,https://www.amazon.co.jp/dp/B01KLNGR7K,https://item.rakuten.co.jp/rakuten24/4971710466478/,https://lohaco.jp/product/J479923/,https://www.cosme.com/products/detail.php?product_id=108202,,,,,,,,,,,,,,,,,,
121,ネイルホリック,DLMI811,https://maison.kose.co.jp/site/nailholic/g/gDLMI811/,https://www.amazon.co.jp/dp/B06XXZHG8P,https://item.rakuten.co.jp/rakuten24/4971710471670/,https://lohaco.jp/product/J479932/,https://www.cosme.com/products/detail.php?product_id=108180,,,,,,,,,,,,,,,,,,
122,ネイルホリック,DLMI812,https://maison.kose.co.jp/site/nailholic/g/gDLMI812/,https://www.amazon.co.jp/dp/B06XXYFH6Q,,,https://www.cosme.com/products/detail.php?product_id=108178,,,,,,,,,,,,,,,,,,
123,ネイルホリック,DLMI813,https://maison.kose.co.jp/site/nailholic/g/gDLMI813/,https://www.amazon.co.jp/dp/B06XXZFK49,,https://lohaco.jp/product/J479934/,https://www.cosme.com/products/detail.php?product_id=108176,,,,,,,,,,,,,,,,,,
124,ネイルホリック,DLMI814,https://maison.kose.co.jp/site/nailholic/g/gDLMI814/,https://www.amazon.co.jp/dp/B06XXXTK4V,,https://lohaco.jp/product/J479935/,https://www.cosme.com/products/detail.php?product_id=108174,,,,,,,,,,,,,,,,,,
125,ネイルホリック,DLMI815,https://maison.kose.co.jp/site/nailholic/g/gDLMI815/,https://www.amazon.co.jp/dp/B06XXZHG8S,https://item.rakuten.co.jp/rakuten24/4971710471717/,https://lohaco.jp/product/J479936/,https://www.cosme.com/products/detail.php?product_id=108172,,,,,,,,,,,,,,,,,,
126,ネイルホリック,DLMI816,https://maison.kose.co.jp/site/nailholic/g/gDLMI816/,https://www.amazon.co.jp/dp/B06XY4FMC9,https://item.rakuten.co.jp/rakuten24/4971710471731/,https://lohaco.jp/product/J479938/,https://www.cosme.com/products/detail.php?product_id=108170,,,,,,,,,,,,,,,,,,
127,ネイルホリック,DLMI817,https://maison.kose.co.jp/site/nailholic/g/gDLMI817/,https://www.amazon.co.jp/dp/B06XXZHGQZ,https://item.rakuten.co.jp/rakuten24/4971710471748/,https://lohaco.jp/product/J479795/,https://www.cosme.com/products/detail.php?product_id=108168,,,,,,,,,,,,,,,,,,
128,ネイルホリック,DLMI818,https://maison.kose.co.jp/site/nailholic/g/gDLMI818/,https://www.amazon.co.jp/dp/B06XY2TP55,https://item.rakuten.co.jp/rakuten24/4971710471793/,https://lohaco.jp/product/J479794/,https://www.cosme.com/products/detail.php?product_id=108166,,,,,,,,,,,,,,,,,,
129,ネイルホリック,DLMI819,https://maison.kose.co.jp/site/nailholic/g/gDLMI819/,https://www.amazon.co.jp/dp/B07DHZKSD2,,https://lohaco.jp/product/J479862/,https://www.cosme.com/products/detail.php?product_id=115169,,https://iyec.omni7.jp/detail/4971710475166,,,,,,,,,,,,,,,,
130,ネイルホリック,DLMI820,https://maison.kose.co.jp/site/nailholic/g/gDLMI820/,https://www.amazon.co.jp/dp/B07DHZNGBM,,https://lohaco.jp/product/J479805/,https://www.cosme.com/products/detail.php?product_id=115141,,https://iyec.omni7.jp/detail/4971710475302,,,,,,,,,,,,,,,,
131,ネイルホリック,DLMI821,https://maison.kose.co.jp/site/nailholic/g/gDLMI821/,https://www.amazon.co.jp/dp/B07DHRKS2Q,https://item.rakuten.co.jp/rakuten24/4971710475319/,https://lohaco.jp/product/J479806/,https://www.cosme.com/products/detail.php?product_id=115139,,,,,,,,,,,,,,,,,,
132,ネイルホリック,DLMI822,https://maison.kose.co.jp/site/nailholic/g/gDLMI822/,https://www.amazon.co.jp/dp/B079ZWF2YD,,https://lohaco.jp/product/J479841/,https://www.cosme.com/products/detail.php?product_id=131665,,,,,,,,,,,,,,,,,,
133,ネイルホリック,DLMI823,https://maison.kose.co.jp/site/nailholic/g/gDLMI823/,https://www.amazon.co.jp/dp/B079ZVTMY7,,https://lohaco.jp/product/J479842/,https://www.cosme.com/products/detail.php?product_id=131663,,,,,,,,,,,,,,,,,,
134,ネイルホリック,DLMI824,https://maison.kose.co.jp/site/nailholic/g/gDLMI824/,https://www.amazon.co.jp/dp/B079ZX2RKV,,https://lohaco.jp/product/J479835/,https://www.cosme.com/products/detail.php?product_id=131661,,,,,,,,,,,,,,,,,,
135,ネイルホリック,DLMI825,https://maison.kose.co.jp/site/nailholic/g/gDLMI825/,https://www.amazon.co.jp/dp/B079ZVM14L,https://item.rakuten.co.jp/rakuten24/4971710479386/,https://lohaco.jp/product/J479840/,https://www.cosme.com/products/detail.php?product_id=131659,,,,,,,,,,,,,,,,,,
136,ネイルホリック,DLMI827,https://maison.kose.co.jp/site/nailholic/g/gDLMI827/,https://www.amazon.co.jp/dp/B0845HCCGC,,https://lohaco.jp/product/X355605/,https://www.cosme.com/products/detail.php?product_id=188754,,,,,,,,,,,,,,,,,,
137,ネイルホリック,DLMI828,https://maison.kose.co.jp/site/nailholic/g/gDLMI828/,https://www.amazon.co.jp/dp/B0845H4DXR,,https://lohaco.jp/product/X355601/,https://www.cosme.com/products/detail.php?product_id=188752,,,,,,,,,,,,,,,,,,
138,ネイルホリック,DLMI903,https://maison.kose.co.jp/site/nailholic/g/gDLMI903/,https://www.amazon.co.jp/dp/B01CNFAD2O,,https://lohaco.jp/product/J479907/,https://www.cosme.com/products/detail.php?product_id=108292,,,,,,,,,,,,,,,,,,
139,ネイルホリック,DLMI905,https://maison.kose.co.jp/site/nailholic/g/gDLMI905/,https://www.amazon.co.jp/dp/B01CNFB5LW,https://item.rakuten.co.jp/rakuten24/4971710445398/,https://lohaco.jp/product/J479877/,https://www.cosme.com/products/detail.php?product_id=108288,,,,,,,,,,,,,,,,,,
140,ネイルホリック,DLMI906,https://maison.kose.co.jp/site/nailholic/g/gDLMI906/,https://www.amazon.co.jp/dp/B01CNFB6D4,https://item.rakuten.co.jp/rakuten24/4971710445404/,https://lohaco.jp/product/J479873/,https://www.cosme.com/products/detail.php?product_id=108286,,,,,,,,,,,,,,,,,,
141,ネイルホリック,DLMI907,https://maison.kose.co.jp/site/nailholic/g/gDLMI907/,https://www.amazon.co.jp/dp/B01KLNH2W4,,https://lohaco.jp/product/J479921/,https://www.cosme.com/products/detail.php?product_id=108200,,,,,,,,,,,,,,,,,,
142,ネイルホリック,DLMI908,https://maison.kose.co.jp/site/nailholic/g/gDLMI908/,https://www.amazon.co.jp/dp/B01KLNH486,https://item.rakuten.co.jp/rakuten24/4971710466546/,https://lohaco.jp/product/J479908/,https://www.cosme.com/products/detail.php?product_id=108198,,,,,,,,,,,,,,,,,,
143,ネイルホリック,DLMI909,https://maison.kose.co.jp/site/nailholic/g/gDLMI909/,https://www.amazon.co.jp/dp/B06XXXDRFJ,,https://lohaco.jp/product/J479797/,https://www.cosme.com/products/detail.php?product_id=108164,,,,,,,,,,,,,,,,,,
144,ネイルホリック,DLMI910,https://maison.kose.co.jp/site/nailholic/g/gDLMI910/,https://www.amazon.co.jp/dp/B06XXH3QKP,https://item.rakuten.co.jp/rakuten24/4971710471823/,https://lohaco.jp/product/J479900/,https://www.cosme.com/products/detail.php?product_id=108162,,,,,,,,,,,,,,,,,,
145,ネイルホリック,DLMI911,https://maison.kose.co.jp/site/nailholic/g/gDLMI911/,https://www.amazon.co.jp/dp/B06XXJLVSW,https://item.rakuten.co.jp/rakuten24/4971710471830/,https://lohaco.jp/product/J479901/,https://www.cosme.com/products/detail.php?product_id=108160,,,,,,,,,,,,,,,,,,
146,ネイルホリック,DLMI912,https://maison.kose.co.jp/site/nailholic/g/gDLMI912/,https://www.amazon.co.jp/dp/B07DHW3NLQ,https://item.rakuten.co.jp/rakuten24/4971710475128/,https://lohaco.jp/product/J479858/,https://www.cosme.com/products/detail.php?product_id=115177,,https://iyec.omni7.jp/detail/4971710475128,,,,,,,,,,,,,,,,
147,ネイルホリック,DLMI913,https://maison.kose.co.jp/site/nailholic/g/gDLMI913/,https://www.amazon.co.jp/dp/B07DHV7LJL,,https://lohaco.jp/product/J479861/,https://www.cosme.com/products/detail.php?product_id=115171,,https://iyec.omni7.jp/detail/4971710475159,,,,,,,,,,,,,,,,
148,ネイルホリック,DLMI914,https://maison.kose.co.jp/site/nailholic/g/gDLMI914/,https://www.amazon.co.jp/dp/B07DHW3SW7,https://item.rakuten.co.jp/rakuten24/4971710475234/,https://lohaco.jp/product/J479798/,https://www.cosme.com/products/detail.php?product_id=115155,,,,,,,,,,,,,,,,,,
149,ネイルホリック,DLMI915,https://maison.kose.co.jp/site/nailholic/g/gDLMI915/,https://www.amazon.co.jp/dp/B07DHW3STN,https://item.rakuten.co.jp/rakuten24/4971710475340/,https://lohaco.jp/product/J479883/,https://www.cosme.com/products/detail.php?product_id=115133,,,,,,,,,,,,,,,,,,
150,ネイルホリック,DLMI916,https://maison.kose.co.jp/site/nailholic/g/gDLMI916/,https://www.amazon.co.jp/dp/B07DHVK7RL,,,https://www.cosme.com/products/detail.php?product_id=115117,,https://iyec.omni7.jp/detail/4971710475425,,,,,,,,,,,,,,,,
151,ネイルホリック,DLMI917,https://maison.kose.co.jp/site/nailholic/g/gDLMI917/,https://www.amazon.co.jp/dp/B079ZTCNBT,,https://lohaco.jp/product/J479843/,https://www.cosme.com/products/detail.php?product_id=131657,,,,,,,,,,,,,,,,,,
152,ネイルホリック,DLMI918,https://maison.kose.co.jp/site/nailholic/g/gDLMI918/,https://www.amazon.co.jp/dp/B079ZW2V3Z,,https://lohaco.jp/product/J479837/,https://www.cosme.com/products/detail.php?product_id=131655,,,,,,,,,,,,,,,,,,
153,ネイルホリック,DLMI919,https://maison.kose.co.jp/site/nailholic/g/gDLMI919/,https://www.amazon.co.jp/dp/B079ZVN57K,https://item.rakuten.co.jp/rakuten24/4971710479409/,https://lohaco.jp/product/J479846/,https://www.cosme.com/products/detail.php?product_id=131653,,,,,,,,,,,,,,,,,,
154,ネイルホリック,DLMI920,https://maison.kose.co.jp/site/nailholic/g/gDLMI920/,https://www.amazon.co.jp/dp/B0845HHX9W,,https://lohaco.jp/product/X355613/,https://www.cosme.com/products/detail.php?product_id=188726,,,,,,,,,,,,,,,,,,
155,ネイルホリック,DLMI921,https://maison.kose.co.jp/site/nailholic/g/gDLMI921/,https://www.amazon.co.jp/dp/B0845HC6Q1,,https://lohaco.jp/product/X355615/,https://www.cosme.com/products/detail.php?product_id=188724,,,,,,,,,,,,,,,,,,
156,ネイルホリック,DLMI922,https://maison.kose.co.jp/site/nailholic/g/gDLMI922/,https://www.amazon.co.jp/dp/B0845H35ZS,,,https://www.cosme.com/products/detail.php?product_id=188722,,,,,,,,,,,,,,,,,,
157,ネイルホリック アート,DLMA080,https://maison.kose.co.jp/site/nailholic/g/gDLMA080/,https://www.amazon.co.jp/dp/B01CNFBCWY,https://item.rakuten.co.jp/rakuten24/4971710444797/,https://lohaco.jp/product/J479791/,https://www.cosme.com/products/detail.php?product_id=108158,,https://iyec.omni7.jp/detail/4971710444797,,,,,,,,,,,,,,,,
158,ネイルホリック アート,DLMA081,https://maison.kose.co.jp/site/nailholic/g/gDLMA081/,https://www.amazon.co.jp/dp/B01CNFBDV4,,https://lohaco.jp/product/J479790/,https://www.cosme.com/products/detail.php?product_id=108156,,,,,,,,,,,,,,,,,,
159,ネイルホリック アート,DLMA082,https://maison.kose.co.jp/site/nailholic/g/gDLMA082/,https://www.amazon.co.jp/dp/B01CNFBENQ,https://item.rakuten.co.jp/rakuten24/4971710444810/,https://lohaco.jp/product/J479789/,https://www.cosme.com/products/detail.php?product_id=108154,,,,,,,,,,,,,,,,,,
160,ネイルホリック アート,DLMA083,https://maison.kose.co.jp/site/nailholic/g/gDLMA083/,https://www.amazon.co.jp/dp/B01CNFBFM6,https://item.rakuten.co.jp/rakuten24/4971710444827/,https://lohaco.jp/product/J479788/,https://www.cosme.com/products/detail.php?product_id=108152,,,,,,,,,,,,,,,,,,
161,ネイルホリック フローズンシュガー,DLMQ060,https://maison.kose.co.jp/site/nailholic/g/gDLMQ060/,https://www.amazon.co.jp/dp/B01CNFB7FQ,https://item.rakuten.co.jp/rakuten24/4971710444735/,https://lohaco.jp/product/J479819/,,,https://iyec.omni7.jp/detail/4971710444735,,,,,,,,,,,,,,,,
162,ネイルホリック フローズンシュガー,DLMQ260,https://maison.kose.co.jp/site/nailholic/g/gDLMQ260/,https://www.amazon.co.jp/dp/B079Y6QYXP,https://item.rakuten.co.jp/rakuten24/4971710479478/,https://lohaco.jp/product/J479824/,,,,,,,,,,,,,,,,,,,
163,ネイルホリック フローズンシュガー,DLMQ561,https://maison.kose.co.jp/site/nailholic/g/gDLMQ561/,https://www.amazon.co.jp/dp/B079Y8VC6P,https://item.rakuten.co.jp/rakuten24/4971710479508/,https://lohaco.jp/product/J479823/,,,,,,,,,,,,,,,,,,,
164,ネイルホリック フローズンシュガー,DLMQ760,https://maison.kose.co.jp/site/nailholic/g/gDLMQ760/,https://www.amazon.co.jp/dp/B079Z3N7R9,,https://lohaco.jp/product/J479822/,,,,,,,,,,,,,,,,,,,
165,ネイルホリック フローズンシュガー,DLMQ860,https://maison.kose.co.jp/site/nailholic/g/gDLMQ860/,https://www.amazon.co.jp/dp/B01CNFBA8U,https://item.rakuten.co.jp/rakuten24/4971710444766/,https://lohaco.jp/product/J479820/,,,,,,,,,,,,,,,,,,,
166,ネイルホリック フローズンシュガー,DLMQ961,https://maison.kose.co.jp/site/nailholic/g/gDLMQ961/,https://www.amazon.co.jp/dp/B079Y529V8,https://item.rakuten.co.jp/rakuten24/4971710479461/,https://lohaco.jp/product/J479821/,https://www.cosme.com/products/detail.php?product_id=131645,,,,,,,,,,,,,,,,,,
167,ネイルホリック ファーモード,DLMT070,https://maison.kose.co.jp/site/nailholic/g/gDLMT070/,https://www.amazon.co.jp/dp/B01KLNHFSA,,https://lohaco.jp/product/J479852/,https://www.cosme.com/products/detail.php?product_id=108468,,https://iyec.omni7.jp/detail/4971710466584,,,,,,,,,,,,,,,,
168,ネイルホリック ファーモード,DLMT071,https://maison.kose.co.jp/site/nailholic/g/gDLMT071/,https://www.amazon.co.jp/dp/B01KLNHBFW,,https://lohaco.jp/product/J479853/,https://www.cosme.com/products/detail.php?product_id=108466,,,,,,,,,,,,,,,,,,
169,ネイルホリック ファーモード,DLMT370,https://maison.kose.co.jp/site/nailholic/g/gDLMT370/,https://www.amazon.co.jp/dp/B01KLNHH5Q,,https://lohaco.jp/product/J479854/,https://www.cosme.com/products/detail.php?product_id=108464,,,,,,,,,,,,,,,,,,
170,ネイルホリック ファーモード,DLMT371,https://maison.kose.co.jp/site/nailholic/g/gDLMT371/,https://www.amazon.co.jp/dp/B01KLNHA2Q,,https://lohaco.jp/product/J479855/,https://www.cosme.com/products/detail.php?product_id=108462,,,,,,,,,,,,,,,,,,
171,ネイルホリック ファーモード,DLMT372,https://maison.kose.co.jp/site/nailholic/g/gDLMT372/,https://www.amazon.co.jp/dp/B01KLNHCW4,,https://lohaco.jp/product/J479856/,https://www.cosme.com/products/detail.php?product_id=108460,,,,,,,,,,,,,,,,,,
172,ネイルホリック ファーモード,DLMT373,https://maison.kose.co.jp/site/nailholic/g/gDLMT373/,https://www.amazon.co.jp/dp/B01KLNHEFE,,,https://www.cosme.com/products/detail.php?product_id=108458,,,,,,,,,,,,,,,,,,
173,ネイルホリック パーティーフレーク,DLMJ020,https://maison.kose.co.jp/site/nailholic/g/gDLMJ020/,https://www.amazon.co.jp/dp/B07DHV3ZZ4,https://item.rakuten.co.jp/rakuten24/4971710471274/,https://lohaco.jp/product/J479780/,https://www.cosme.com/products/detail.php?product_id=108502,,,,,,,,,,,,,,,,,,
174,ネイルホリック パーティーフレーク,DLMJ021,https://maison.kose.co.jp/site/nailholic/g/gDLMJ021/,https://www.amazon.co.jp/dp/B07DHW3VZ4,https://item.rakuten.co.jp/rakuten24/4971710471588/,https://lohaco.jp/product/J479781/,https://www.cosme.com/products/detail.php?product_id=108500,,,,,,,,,,,,,,,,,,
175,ネイルホリック パーティーフレーク,DLMJ022,https://maison.kose.co.jp/site/nailholic/g/gDLMJ022/,https://www.amazon.co.jp/dp/B07DJ6BCPB,,https://lohaco.jp/product/J479782/,https://www.cosme.com/products/detail.php?product_id=108504,,,,,,,,,,,,,,,,,,
176,ネイルホリック パーティーフレーク,DLMJ023,https://maison.kose.co.jp/site/nailholic/g/gDLMJ023/,https://www.amazon.co.jp/dp/B07DHZND1B,,https://lohaco.jp/product/J479783/,https://www.cosme.com/products/detail.php?product_id=108498,,,,,,,,,,,,,,,,,,
177,ネイルホリック パーティーフレーク,DLMJ024,https://maison.kose.co.jp/site/nailholic/g/gDLMJ024/,https://www.amazon.co.jp/dp/B07DHVK34S,https://item.rakuten.co.jp/rakuten24/4971710471632/,https://lohaco.jp/product/J479784/,https://www.cosme.com/products/detail.php?product_id=108496,,,,,,,,,,,,,,,,,,
178,ネイルホリック パーティーフレーク,DLMJ025,https://maison.kose.co.jp/site/nailholic/g/gDLMJ025/,https://www.amazon.co.jp/dp/B07DHZDGP5,https://item.rakuten.co.jp/rakuten24/4971710471649/,https://lohaco.jp/product/J479785/,https://www.cosme.com/products/detail.php?product_id=108494,,,,,,,,,,,,,,,,,,
179,ネイルホリック パーティーフレーク,DLMJ026,https://maison.kose.co.jp/site/nailholic/g/gDLMJ026/,https://www.amazon.co.jp/dp/B07DHV9FRV,https://item.rakuten.co.jp/rakuten24/4971710471656/,https://lohaco.jp/product/J479786/,https://www.cosme.com/products/detail.php?product_id=108492,,,,,,,,,,,,,,,,,,
180,ネイルホリック パーティーフレーク,DLMJ027,https://maison.kose.co.jp/site/nailholic/g/gDLMJ027/,https://www.amazon.co.jp/dp/B07DHRKPTV,https://item.rakuten.co.jp/rakuten24/4971710471663/,https://lohaco.jp/product/J479787/,https://www.cosme.com/products/detail.php?product_id=108490,,,,,,,,,,,,,,,,,,
181,ネイルホリック パステルスノー,DLMK050,https://maison.kose.co.jp/site/nailholic/g/gDLMK050/,https://www.amazon.co.jp/dp/B07DHV7QS1,,https://lohaco.jp/product/J479813/,https://www.cosme.com/products/detail.php?product_id=108488,,,,,,,,,,,,,,,,,,
182,ネイルホリック パステルスノー,DLMK051,https://maison.kose.co.jp/site/nailholic/g/gDLMK051/,https://www.amazon.co.jp/dp/B07DHV9PKR,https://item.rakuten.co.jp/rakuten24/4971710471267/,https://lohaco.jp/product/J479818/,https://www.cosme.com/products/detail.php?product_id=108486,,,,,,,,,,,,,,,,,,
183,ネイルホリック パステルスノー,DLMK150,https://maison.kose.co.jp/site/nailholic/g/gDLMK150/,https://www.amazon.co.jp/dp/B07DHW3W6R,https://item.rakuten.co.jp/rakuten24/4971710471199/,https://lohaco.jp/product/J479811/,https://www.cosme.com/products/detail.php?product_id=108484,,,,,,,,,,,,,,,,,,
184,ネイルホリック パステルスノー,DLMK250,https://maison.kose.co.jp/site/nailholic/g/gDLMK250/,https://www.amazon.co.jp/dp/B07DHV9PCR,,https://lohaco.jp/product/J479815/,https://www.cosme.com/products/detail.php?product_id=108480,,,,,,,,,,,,,,,,,,
185,ネイルホリック パステルスノー,DLMK550,https://maison.kose.co.jp/site/nailholic/g/gDLMK550/,https://www.amazon.co.jp/dp/B07DHZDGNJ,,https://lohaco.jp/product/J479816/,https://www.cosme.com/products/detail.php?product_id=108478,,,,,,,,,,,,,,,,,,
186,ネイルホリック パステルスノー,DLMK750,https://maison.kose.co.jp/site/nailholic/g/gDLMK750/,https://www.amazon.co.jp/dp/B07DJ8Z3PQ,,https://lohaco.jp/product/J479817/,https://www.cosme.com/products/detail.php?product_id=108482,,,,,,,,,,,,,,,,,,
187,ネイルホリック パステルスノー,DLMK850,https://maison.kose.co.jp/site/nailholic/g/gDLMK850/,https://www.amazon.co.jp/dp/B07DHRHHMC,https://item.rakuten.co.jp/rakuten24/4971710471175/,https://lohaco.jp/product/J479809/,https://www.cosme.com/products/detail.php?product_id=108476,,,,,,,,,,,,,,,,,,
188,ネイルホリック パステルスノー,DLMK851,https://maison.kose.co.jp/site/nailholic/g/gDLMK851/,https://www.amazon.co.jp/dp/B07DHV9FPJ,,https://lohaco.jp/product/J479810/,https://www.cosme.com/products/detail.php?product_id=108474,,,,,,,,,,,,,,,,,,
189,ネイルホリック パステルスノー,DLMK852,https://maison.kose.co.jp/site/nailholic/g/gDLMK852/,https://www.amazon.co.jp/dp/B07DHZNV7B,https://item.rakuten.co.jp/rakuten24/4971710471229/,https://lohaco.jp/product/J479814/,https://www.cosme.com/products/detail.php?product_id=108472,,,,,,,,,,,,,,,,,,
190,ネイルホリック パステルスノー,DLMK950,https://maison.kose.co.jp/site/nailholic/g/gDLMK950/,https://www.amazon.co.jp/dp/B07DHW3QWK,https://item.rakuten.co.jp/rakuten24/4971710471205/,https://lohaco.jp/product/J479812/,https://www.cosme.com/products/detail.php?product_id=108470,,,,,,,,,,,,,,,,,,
191,ネイルホリック オーロラグリッター,DLNN062,https://maison.kose.co.jp/site/nailholic/g/gDLNN062/,https://www.amazon.co.jp/dp/B0845HMNW1,https://item.rakuten.co.jp/rakuten24/4971710507461/,https://lohaco.jp/product/X355627/,https://www.cosme.com/products/detail.php?product_id=188710,,,,,,,,,,,,,,,,,,
192,ネイルホリック オーロラグリッター,DLNN163,https://maison.kose.co.jp/site/nailholic/g/gDLNN163/,https://www.amazon.co.jp/dp/B0845HMNW2,https://item.rakuten.co.jp/rakuten24/4971710507454/,https://lohaco.jp/product/X355621/,https://www.cosme.com/products/detail.php?product_id=188712,,,,,,,,,,,,,,,,,,
193,ネイルホリック オーロラグリッター,DLNN563,https://maison.kose.co.jp/site/nailholic/g/gDLNN563/,https://www.amazon.co.jp/dp/B0845H5G8L,https://item.rakuten.co.jp/rakuten24/4971710507423/,https://lohaco.jp/product/X355619/,https://www.cosme.com/products/detail.php?product_id=188718,,,,,,,,,,,,,,,,,,
194,ネイルホリック オーロラグリッター,DLNN762,https://maison.kose.co.jp/site/nailholic/g/gDLNN762/,https://www.amazon.co.jp/dp/B0845H324Y,https://item.rakuten.co.jp/rakuten24/4971710507430/,https://lohaco.jp/product/X355638/,https://www.cosme.com/products/detail.php?product_id=188716,,,,,,,,,,,,,,,,,,
195,ネイルホリック オーロラグリッター,DLNN864,https://maison.kose.co.jp/site/nailholic/g/gDLNN864/,https://www.amazon.co.jp/dp/B0845HCDRZ,https://item.rakuten.co.jp/rakuten24/4971710507416/,https://lohaco.jp/product/X355614/,https://www.cosme.com/products/detail.php?product_id=188720,,,,,,,,,,,,,,,,,,
196,ネイルホリック オーロラグリッター,DLNN962,https://maison.kose.co.jp/site/nailholic/g/gDLNN962/,https://www.amazon.co.jp/dp/B0845HL7PG,https://item.rakuten.co.jp/rakuten24/4971710507447/,https://lohaco.jp/product/X355616/,https://www.cosme.com/products/detail.php?product_id=188714,,,,,,,,,,,,,,,,,,
197,ネイルホリック ２４＿７,DLNA380,https://maison.kose.co.jp/site/nailholic/g/gDLNA380/,https://www.amazon.co.jp/dp/B07T2Y7LG9,https://item.rakuten.co.jp/rakuten24/4971710494068/,https://lohaco.jp/product/P745056/,https://www.cosme.com/products/detail.php?product_id=169491,,,,,,,,,,,,,,,,,,
198,ネイルホリック ２４＿７,DLNA381,https://maison.kose.co.jp/site/nailholic/g/gDLNA381/,https://www.amazon.co.jp/dp/B07T2Y9TKW,https://item.rakuten.co.jp/rakuten24/4971710494075/,https://lohaco.jp/product/P745041/,https://www.cosme.com/products/detail.php?product_id=169489,,,,,,,,,,,,,,,,,,
199,ネイルホリック ２４＿７,DLNA382,https://maison.kose.co.jp/site/nailholic/g/gDLNA382/,https://www.amazon.co.jp/dp/B07T2Y7F4Y,https://item.rakuten.co.jp/rakuten24/4971710494082/,https://lohaco.jp/product/P745033/,https://www.cosme.com/products/detail.php?product_id=169487,,,,,,,,,,,,,,,,,,
200,ネイルホリック ２４＿７,DLNA383,https://maison.kose.co.jp/site/nailholic/g/gDLNA383/,https://www.amazon.co.jp/dp/B07T7539SP,https://item.rakuten.co.jp/rakuten24/4971710494099/,https://lohaco.jp/product/P745032/,https://www.cosme.com/products/detail.php?product_id=169485,,,,,,,,,,,,,,,,,,
201,ネイルホリック ２４＿７,DLNA384,https://maison.kose.co.jp/site/nailholic/g/gDLNA384/,https://www.amazon.co.jp/dp/B0845HL7NS,https://item.rakuten.co.jp/rakuten24/4971710497847/,https://lohaco.jp/product/X355586/,https://www.cosme.com/products/detail.php?product_id=188768,,,,,,,,,,,,,,,,,,
202,ネイルホリック ２４＿７,DLNA385,https://maison.kose.co.jp/site/nailholic/g/gDLNA385/,https://www.amazon.co.jp/dp/B0845H5DM1,https://item.rakuten.co.jp/rakuten24/4971710497854/,https://lohaco.jp/product/X355590/,https://www.cosme.com/products/detail.php?product_id=188766,,,,,,,,,,,,,,,,,,
203,ネイルホリック ２４＿７,DLNA480,https://maison.kose.co.jp/site/nailholic/g/gDLNA480/,https://www.amazon.co.jp/dp/B07T2Y9856,,https://lohaco.jp/product/P745039/,https://www.cosme.com/products/detail.php?product_id=169493,,,,,,,,,,,,,,,,,,
204,ネイルホリック ２４＿７,DLNA481,https://maison.kose.co.jp/site/nailholic/g/gDLNA481/,https://www.amazon.co.jp/dp/B07T67N778,https://item.rakuten.co.jp/rakuten24/4971710494136/,https://lohaco.jp/product/P745050/,https://www.cosme.com/products/detail.php?product_id=169477,,,,,,,,,,,,,,,,,,
205,ネイルホリック ２４＿７,DLNA482,https://maison.kose.co.jp/site/nailholic/g/gDLNA482/,https://www.amazon.co.jp/dp/B0845HCCG9,https://item.rakuten.co.jp/rakuten24/4971710497816/,https://lohaco.jp/product/X355594/,https://www.cosme.com/products/detail.php?product_id=188774,,,,,,,,,,,,,,,,,,
206,ネイルホリック ２４＿７,DLNA483,https://maison.kose.co.jp/site/nailholic/g/gDLNA483/,https://www.amazon.co.jp/dp/B0845H1J5B,https://item.rakuten.co.jp/rakuten24/4971710497823/,https://lohaco.jp/product/X355610/,https://www.cosme.com/products/detail.php?product_id=188772,,,,,,,,,,,,,,,,,,
207,ネイルホリック ２４＿７,DLNA484,https://maison.kose.co.jp/site/nailholic/g/gDLNA484/,https://www.amazon.co.jp/dp/B0845HCW33,https://item.rakuten.co.jp/rakuten24/4971710497830/,https://lohaco.jp/product/X355584/,https://www.cosme.com/products/detail.php?product_id=188770,,,,,,,,,,,,,,,,,,
208,ネイルホリック ２４＿７,DLNA680,https://maison.kose.co.jp/site/nailholic/g/gDLNA680/,https://www.amazon.co.jp/dp/B07T67LG32,https://item.rakuten.co.jp/rakuten24/4971710494143/,https://lohaco.jp/product/P745042/,https://www.cosme.com/products/detail.php?product_id=169475,,,,,,,,,,,,,,,,,,
209,ネイルホリック ２４＿７,DLNA681,https://maison.kose.co.jp/site/nailholic/g/gDLNA681/,https://www.amazon.co.jp/dp/B0845H1BTK,https://item.rakuten.co.jp/rakuten24/4971710497908/,https://lohaco.jp/product/X355597/,https://www.cosme.com/products/detail.php?product_id=188756,,,,,,,,,,,,,,,,,,
210,ネイルホリック ２４＿７,DLNA880,https://maison.kose.co.jp/site/nailholic/g/gDLNA880/,https://www.amazon.co.jp/dp/B07T3ZXL1B,https://item.rakuten.co.jp/rakuten24/4971710494105/,https://lohaco.jp/product/P745038/,https://www.cosme.com/products/detail.php?product_id=169483,,,,,,,,,,,,,,,,,,
211,ネイルホリック ２４＿７,DLNA881,https://maison.kose.co.jp/site/nailholic/g/gDLNA881/,https://www.amazon.co.jp/dp/B07T67LG31,https://item.rakuten.co.jp/rakuten24/4971710494112/,https://lohaco.jp/product/P745034/,https://www.cosme.com/products/detail.php?product_id=169481,,,,,,,,,,,,,,,,,,
212,ネイルホリック ２４＿７,DLNA882,https://maison.kose.co.jp/site/nailholic/g/gDLNA882/,https://www.amazon.co.jp/dp/B07T2Y984S,https://item.rakuten.co.jp/rakuten24/4971710494129/,https://lohaco.jp/product/P745046/,https://www.cosme.com/products/detail.php?product_id=169479,,,,,,,,,,,,,,,,,,
213,ネイルホリック ２４＿７,DLNA883,https://maison.kose.co.jp/site/nailholic/g/gDLNA883/,https://www.amazon.co.jp/dp/B0845H3LZW,https://item.rakuten.co.jp/rakuten24/4971710497861/,https://lohaco.jp/product/X355604/,https://www.cosme.com/products/detail.php?product_id=188764,,,,,,,,,,,,,,,,,,
214,ネイルホリック ２４＿７,DLNA884,https://maison.kose.co.jp/site/nailholic/g/gDLNA884/,https://www.amazon.co.jp/dp/B0845HJ496,https://item.rakuten.co.jp/rakuten24/4971710497878/,https://lohaco.jp/product/X355603/,https://www.cosme.com/products/detail.php?product_id=188762,,,,,,,,,,,,,,,,,,
215,ネイルホリック ２４＿７,DLNA885,https://maison.kose.co.jp/site/nailholic/g/gDLNA885/,https://www.amazon.co.jp/dp/B0845HCW37,https://item.rakuten.co.jp/rakuten24/4971710497885/,https://lohaco.jp/product/X355600/,https://www.cosme.com/products/detail.php?product_id=188760,,,,,,,,,,,,,,,,,,
216,ネイルホリック ２４＿７,DLNA886,https://maison.kose.co.jp/site/nailholic/g/gDLNA886/,https://www.amazon.co.jp/dp/B0845H9BZ1,https://item.rakuten.co.jp/rakuten24/4971710497892/,https://lohaco.jp/product/X355596/,https://www.cosme.com/products/detail.php?product_id=188758,,,,,,,,,,,,,,,,,,
217,ネイルホリック ２４＿７,DLNB891,,,,,,,,,,,,,,,,,,,,,,,
218,ネイルホリック ２４＿７,DLNB890,,,,,,,,,,,,,,,,,,,,,,,
219,ネイルホリック ２４＿７,DLNB390,,,,,,,,,,,,,,,,,,,,,,,
220,ネイルホリック ２４＿７,DLNB091,,,,,,,,,,,,,,,,,,,,,,,
221,ネイルホリック ２４＿７,DLNB090,,,,,,,,,,,,,,,,,,,,,,,
222,ネイルホリック ２４＿７,DLNB790,,,,,,,,,,,,,,,,,,,,,,,
223,ネイルホリック,DLNF940,,,,,,,,,,,,,,,,,,,,,,,
224,ネイルホリック,DLNF740,,,,,,,,,,,,,,,,,,,,,,,
225,ネイルホリック,DLNF140,,,,,,,,,,,,,,,,,,,,,,,
226,ネイルホリック,DLNF640,,,,,,,,,,,,,,,,,,,,,,,
227,ネイルホリック,DLNF842,,,,,,,,,,,,,,,,,,,,,,,
228,ネイルホリック,DLNF340,,,,,,,,,,,,,,,,,,,,,,,
229,ネイルホリック,DLNF046,,,,,,,,,,,,,,,,,,,,,,,
230,ネイルホリック,DLNF841,,,,,,,,,,,,,,,,,,,,,,,
231,ネイルホリック,DLNF840,,,,,,,,,,,,,,,,,,,,,,,
232,ネイルホリック,DLNF045,,,,,,,,,,,,,,,,,,,,,,,
233,ネイルホリック,DLNJ330,,,,,,,,,,,,,,,,,,,,,,,
234,ネイルホリック,DLNJ331,,,,,,,,,,,,,,,,,,,,,,,
235,ネイルホリック,DLNJ332,,,,,,,,,,,,,,,,,,,,,,,
236,ネイルホリック,DLNJ730,,,,,,,,,,,,,,,,,,,,,,,
237,ネイルホリック,DLNJ033,,,,,,,,,,,,,,,,,,,,,,,
238,ネイルホリック,DLNJ032,,,,,,,,,,,,,,,,,,,,,,,