No,商品名,サブ,色番,カテゴリID,カテゴリ名,色カテゴリ,,,,表示名
1,ネイルホリック アート,,WT080,3560,Art liner,白/黒,Art liner,,
2,ネイルホリック アート,,BK081,3560,Art liner,白/黒,Art liner,,
3,ネイルホリック アート,,SV082,3560,Art liner,金/銀,Art liner,,
4,ネイルホリック アート,,GD083,3560,Art liner,金/銀,Art liner,,
5,ネイルホリック,,WT005,2150,Classic color,白/黒,Classic,,
6,ネイルホリック,,WT006,2170,Nude color,白/黒,Nude,,
7,ネイルホリック,,GY007,2150,Classic color,グレー,Classic,,
8,ネイルホリック,,GY008,2160,Mode color,グレー,Mode,,
9,ネイルホリック,,GY009,2160,Mode color,グレー,Mode,,
10,ネイルホリック,,BK010,2160,Mode color,白/黒,Mode,,
11,ネイルホリック,マット,SP011,9000,Top coat,トップコート,Top coat,,
12,ネイルホリック,ぷっくりクリア,SP012,9000,Top coat,トップコート,Top coat,,
13,ネイルホリック,,WT013,2050,Chic color,白/黒,Chic,,
14,ネイルホリック,,GY014,2050,Chic color,グレー,Chic,,
15,ネイルホリック,,WT015,2050,Chic color,白/黒,Chic,,
16,ネイルホリック,,GY016,2060,Dusty pastel color,グレー,Dusty pastel,,
17,ネイルホリック,,GY017,2060,Dusty pastel color,グレー,Dusty pastel,,
18,ネイルホリック,,GY018,2060,Dusty pastel color,グレー,Dusty pastel,,
19,ネイルホリック,,GY019,2060,Dusty pastel color,グレー,Dusty pastel,,
20,ネイルホリック,,GD028,2040,Galactic color,金/銀,Galactic,,
21,ネイルホリック,,SV029,2040,Galactic color,金/銀,Galactic,,
22,ネイルホリック,,GY040,2080,Relaxing color,グレー,Relaxing,,
23,ネイルホリック,速乾クリア,SP041,9000,Top coat,トップコート,Top coat,,
24,ネイルホリック,ラメ,SP042,9000,Top coat,トップコート,Top coat,,
25,ネイルホリック,スモーキー,SP043,9000,Top coat,トップコート,Top coat,,
26,ネイルホリック,,WT044,2080,Relaxing color,白/黒,Relaxing,,
27,ネイルホリック,,PU103,2140,Vivid color,紫,Vivid,,
28,ネイルホリック,,PU104,2160,Mode color,紫,Mode,,
29,ネイルホリック,,PU105,2160,Mode color,紫,Mode,,
30,ネイルホリック,,PU106,2160,Mode color,紫,Mode,,
31,ネイルホリック,,PU107,2120,Juicy color,紫,Juicy,,
32,ネイルホリック,,PU108,2120,Juicy color,紫,Juicy,,
33,ネイルホリック,,PU109,2110,Sheer pearl color,紫,Sheer pearl,,
34,ネイルホリック,,PU110,2070,Ethnic color,紫,Ethnic,,
35,ネイルホリック,,PU111,2050,Chic color,紫,Chic,,
36,ネイルホリック,,PU112,2050,Chic color,紫,Chic,,
37,ネイルホリック,,PU113,2060,Dusty pastel color,紫,Dusty pastel,,
38,ネイルホリック,,PU114,2060,Dusty pastel color,紫,Dusty pastel,,
39,ネイルホリック,,PU115,2030,Milky color,紫,Milky,,
40,ネイルホリック,,PU116,2040,Galactic color,紫,Galactic,,
41,ネイルホリック,,OR200,2140,Vivid color,オレンジ,Vivid,,
42,ネイルホリック,,OR201,2140,Vivid color,オレンジ,Vivid,,
43,ネイルホリック,,OR202,2140,Vivid color,オレンジ,Vivid,,
44,ネイルホリック,,OR204,2120,Juicy color,オレンジ,Juicy,,
45,ネイルホリック,,OR205,2120,Juicy color,オレンジ,Juicy,,
46,ネイルホリック,,OR206,2110,Sheer pearl color,オレンジ,Sheer pearl,,
47,ネイルホリック,,OR207,2070,Ethnic color,オレンジ,Ethnic,,
48,ネイルホリック,,OR208,2030,Milky color,オレンジ,Milky,,
49,ネイルホリック,,OR209,2010,Soulful color,オレンジ,Soulful,,
50,ネイルホリック,,OR210,2010,Soulful color,オレンジ,Soulful,,
51,ネイルホリック,,BE300,2170,Nude color,ベージュ,Nude,,
52,ネイルホリック,,BE301,2170,Nude color,ベージュ,Nude,,
53,ネイルホリック,,BE302,2170,Nude color,ベージュ,Nude,,
54,ネイルホリック,,BE303,2170,Nude color,ベージュ,Nude,,
55,ネイルホリック,,BE304,2150,Classic color,ベージュ,Classic,,
56,ネイルホリック,,BR305,2160,Mode color,茶,Mode,,
57,ネイルホリック,,BR306,2130,Earth color,茶,Earth,,
58,ネイルホリック,,BR307,2130,Earth color,茶,Earth,,
59,ネイルホリック,,BR308,2130,Earth color,茶,Earth,,
60,ネイルホリック,,BR309,2130,Earth color,茶,Earth,,
61,ネイルホリック,,BE310,2090,Pinkish color,ベージュ,Pinkish,,
62,ネイルホリック,,BR311,2070,Ethnic color,茶,Ethnic,,
63,ネイルホリック,,BE312,2050,Chic color,ベージュ,Chic,,
64,ネイルホリック,,BE313,2050,Chic color,ベージュ,Chic,,
65,ネイルホリック,,BE314,2060,Dusty pastel color,ベージュ,Dusty pastel,,
66,ネイルホリック,,BR315,2060,Dusty pastel color,茶,Dusty pastel,,
67,ネイルホリック,,BE316,2080,Relaxing color,ベージュ,Relaxing,,
68,ネイルホリック,,BE317,2080,Relaxing color,ベージュ,Relaxing,,
69,ネイルホリック,,BE318,2080,Relaxing color,ベージュ,Relaxing,,
70,ネイルホリック,,BR319,2080,Relaxing color,茶,Relaxing,,
71,ネイルホリック,,BE320,2050,Chic color,ベージュ,Chic,,
72,ネイルホリック,,BE321,2010,Soulful color,ベージュ,Soulful,,
73,ネイルホリック,,RD400,2160,Mode color,赤,Mode,,
74,ネイルホリック,,RD402,2160,Mode color,赤,Mode,,
75,ネイルホリック,,RD403,2160,Mode color,赤,Mode,,
76,ネイルホリック,,RD404,2120,Juicy color,赤,Juicy,,
77,ネイルホリック,,RD405,2120,Juicy color,赤,Juicy,,
78,ネイルホリック,,RD406,2100,Luxury color,赤,Luxury,,
79,ネイルホリック,,RD407,2070,Ethnic color,赤,Ethnic,,
80,ネイルホリック,,RD408,2070,Ethnic color,赤,Ethnic,,
81,ネイルホリック,,RD409,2040,Galactic color,赤,Galactic,,
82,ネイルホリック,,RD410,2010,Soulful color,赤,Soulful,,
83,ネイルホリック,,RD411,2010,Soulful color,赤,Soulful,,
84,ネイルホリック,,RD412,2010,Soulful color,赤,Soulful,,
85,ネイルホリック,,RD413,2010,Soulful color,赤,Soulful,,
86,ネイルホリック,,RD414,2010,Soulful color,赤,Soulful,,
87,ネイルホリック,,YE502,2140,Vivid color,黄,Vivid,,
88,ネイルホリック,,YE503,2120,Juicy color,黄,Juicy,,
89,ネイルホリック,,YE504,2110,Sheer pearl color,黄,Sheer pearl,,
90,ネイルホリック,,YE505,2100,Luxury color,黄,Luxury,,
91,ネイルホリック,,YE506,2080,Relaxing color,黄,Relaxing,,
92,ネイルホリック,,YE507,2070,Ethnic color,黄,Ethnic,,
93,ネイルホリック,,YE508,2030,Milky color,黄,Milky,,
94,ネイルホリック,,RO600,2140,Vivid color,赤,Vivid,,
95,ネイルホリック,,RO601,2140,Vivid color,赤,Vivid,,
96,ネイルホリック,,RO602,2150,Classic color,赤,Classic,,
97,ネイルホリック,,RO603,2150,Classic color,赤,Classic,,
98,ネイルホリック,,RO604,2120,Juicy color,赤,Juicy,,
99,ネイルホリック,,RO605,2100,Luxury color,赤,Luxury,,
100,ネイルホリック,,RO606,2070,Ethnic color,赤,Ethnic,,
101,ネイルホリック,,GR702,2120,Juicy color,緑,Juicy,,
102,ネイルホリック,,GR703,2130,Earth color,緑,Earth,,
103,ネイルホリック,,GR704,2130,Earth color,緑,Earth,,
104,ネイルホリック,,GR705,2100,Luxury color,緑,Luxury,,
105,ネイルホリック,,GR706,2070,Ethnic color,緑,Ethnic,,
106,ネイルホリック,,GR707,2070,Ethnic color,緑,Ethnic,,
107,ネイルホリック,,GR708,2080,Relaxing color,緑,Relaxing,,
108,ネイルホリック,,GR709,2030,Milky color,緑,Milky,,
109,ネイルホリック,,GR710,2030,Milky color,緑,Milky,,
110,ネイルホリック,,GR711,2030,Milky color,緑,Milky,,
111,ネイルホリック,,GR712,2040,Galactic color,緑,Galactic,,
112,ネイルホリック,,GR713,2020,Lagoon color,緑,Lagoon,,
113,ネイルホリック,,GR714,2020,Lagoon color,緑,Lagoon,,
114,ネイルホリック,,GR715,2020,Lagoon color,緑,Lagoon,,
115,ネイルホリック,,GR716,2020,Lagoon color,緑,Lagoon,,
116,ネイルホリック,,PK800,2140,Vivid color,ピンク,Vivid,,
117,ネイルホリック,,PK801,2140,Vivid color,ピンク,Vivid,,
118,ネイルホリック,,PK804,2150,Classic color,ピンク,Classic,,
119,ネイルホリック,,BE805,2150,Classic color,ベージュ,Classic,,
120,ネイルホリック,,BE806,2150,Classic color,ベージュ,Classic,,
121,ネイルホリック,,BE807,2150,Classic color,ベージュ,Classic,,
122,ネイルホリック,,PK808,2150,Classic color,ピンク,Classic,,
123,ネイルホリック,,PK809,2150,Classic color,ピンク,Classic,,
124,ネイルホリック,,PK810,2120,Juicy color,ピンク,Juicy,,
125,ネイルホリック,,PK811,2090,Pinkish color,ピンク,Pinkish,,
126,ネイルホリック,,PK812,2090,Pinkish color,ピンク,Pinkish,,
127,ネイルホリック,,PK813,2090,Pinkish color,ピンク,Pinkish,,
128,ネイルホリック,,PK814,2090,Pinkish color,ピンク,Pinkish,,
129,ネイルホリック,,BE815,2090,Pinkish color,ベージュ,Pinkish,,
130,ネイルホリック,,BE816,2090,Pinkish color,ベージュ,Pinkish,,
131,ネイルホリック,,PK817,2110,Sheer pearl color,ピンク,Sheer pearl,,
132,ネイルホリック,,PK818,2110,Sheer pearl color,ピンク,Sheer pearl,,
133,ネイルホリック,,PK819,2070,Ethnic color,ピンク,Ethnic,,
134,ネイルホリック,,BE820,2050,Chic color,ベージュ,Chic,,
135,ネイルホリック,,PK821,2050,Chic color,ピンク,Chic,,
136,ネイルホリック,,PK822,2030,Milky color,ピンク,Milky,,
137,ネイルホリック,,PK823,2030,Milky color,ピンク,Milky,,
138,ネイルホリック,,PK824,2030,Milky color,ピンク,Milky,,
139,ネイルホリック,,PK825,2030,Milky color,ピンク,Milky,,
140,ネイルホリック,,PK827,2010,Soulful color,ピンク,Soulful,,
141,ネイルホリック,,PK828,2010,Soulful color,ピンク,Soulful,,
142,ネイルホリック,,BL903,2140,Vivid color,青,Vivid,,
143,ネイルホリック,,BL905,2160,Mode color,青,Mode,,
144,ネイルホリック,,BL906,2160,Mode color,青,Mode,,
145,ネイルホリック,,BL907,2120,Juicy color,青,Juicy,,
146,ネイルホリック,,BL908,2140,Vivid color,青,Vivid,,
147,ネイルホリック,,BL909,2110,Sheer pearl color,青,Sheer pearl,,
148,ネイルホリック,,BL910,2100,Luxury color,青,Luxury,,
149,ネイルホリック,,BL911,2100,Luxury color,青,Luxury,,
150,ネイルホリック,,BL912,2070,Ethnic color,青,Ethnic,,
151,ネイルホリック,,BL913,2070,Ethnic color,青,Ethnic,,
152,ネイルホリック,,BL914,2050,Chic color,青,Chic,,
153,ネイルホリック,,BL915,2060,Dusty pastel color,青,Dusty pastel,,
154,ネイルホリック,,BL916,2080,Relaxing color,青,Relaxing,,
155,ネイルホリック,,BL917,2030,Milky color,青,Milky,,
156,ネイルホリック,,BL918,2030,Milky color,青,Milky,,
157,ネイルホリック,,BL919,2040,Galactic color,青,Galactic,,
158,ネイルホリック,,BL920,2020,Lagoon color,青,Lagoon,,
159,ネイルホリック,,BL921,2020,Lagoon color,青,Lagoon,,
160,ネイルホリック,,BL922,2020,Lagoon color,青,Lagoon,,
161,ネイルホリック パーティーフレーク,,SP020,3540,Party flake,金/銀,Party flake,,
162,ネイルホリック パーティーフレーク,,SP021,3540,Party flake,金/銀,Party flake,,
163,ネイルホリック パーティーフレーク,,SP022,3540,Party flake,金/銀,Party flake,,
164,ネイルホリック パーティーフレーク,,SP023,3540,Party flake,金/銀,Party flake,,
165,ネイルホリック パーティーフレーク,,SP024,3540,Party flake,金/銀,Party flake,,
166,ネイルホリック パーティーフレーク,,SP025,3540,Party flake,金/銀,Party flake,,
167,ネイルホリック パーティーフレーク,,SV026,3540,Party flake,金/銀,Party flake,,
168,ネイルホリック パーティーフレーク,,GD027,3540,Party flake,金/銀,Party flake,,
169,ネイルホリック パステルスノー,,GY050,3530,Pastel snow,グレー,Pastel snow,,
170,ネイルホリック パステルスノー,,WT051,3530,Pastel snow,白/黒,Pastel snow,,
171,ネイルホリック パステルスノー,,PU150,3530,Pastel snow,紫,Pastel snow,,
172,ネイルホリック パステルスノー,,OR250,3530,Pastel snow,オレンジ,Pastel snow,,
173,ネイルホリック パステルスノー,,YE550,3530,Pastel snow,黄,Pastel snow,,
174,ネイルホリック パステルスノー,,GR750,3530,Pastel snow,緑,Pastel snow,,
175,ネイルホリック パステルスノー,,PK850,3530,Pastel snow,ピンク,Pastel snow,,
176,ネイルホリック パステルスノー,,PK851,3530,Pastel snow,ピンク,Pastel snow,,
177,ネイルホリック パステルスノー,,BE852,3530,Pastel snow,ベージュ,Pastel snow,,
178,ネイルホリック パステルスノー,,BL950,3530,Pastel snow,青,Pastel snow,,
179,ネイルホリック フローズンシュガー,,WT060,3520,Frozen sugar,白/黒,Frozen sugar,,
180,ネイルホリック フローズンシュガー,,OR260,3520,Frozen sugar,オレンジ,Frozen sugar,,
181,ネイルホリック フローズンシュガー,,YE561,3520,Frozen sugar,黄,Frozen sugar,,
182,ネイルホリック フローズンシュガー,,GR760,3520,Frozen sugar,緑,Frozen sugar,,
183,ネイルホリック フローズンシュガー,,PK860,3520,Frozen sugar,ピンク,Frozen sugar,,
184,ネイルホリック フローズンシュガー,,BL961,3520,Frozen sugar,青,Frozen sugar,,
185,ネイルホリック ファーモード,,GY070,3550,Fur mode,グレー,Fur mode,,
186,ネイルホリック ファーモード,,WT071,3550,Fur mode,白/黒,Fur mode,,
187,ネイルホリック ファーモード,,BR370,3550,Fur mode,茶,Fur mode,,
188,ネイルホリック ファーモード,,BR371,3550,Fur mode,茶,Fur mode,,
189,ネイルホリック ファーモード,,BE372,3550,Fur mode,ベージュ,Fur mode,,
190,ネイルホリック ファーモード,,BE373,3550,Fur mode,ベージュ,Fur mode,,
191,ネイルホリック ２４＿７,,BE380,4000,24_7シリーズ,ベージュ,24_7,,
192,ネイルホリック ２４＿７,,BE381,4000,24_7シリーズ,ベージュ,24_7,,
193,ネイルホリック ２４＿７,,BE382,4000,24_7シリーズ,ベージュ,24_7,,
194,ネイルホリック ２４＿７,,BE383,4000,24_7シリーズ,ベージュ,24_7,,
195,ネイルホリック ２４＿７,,BE384,4000,24_7シリーズ,ベージュ,24_7,,
196,ネイルホリック ２４＿７,,BE385,4000,24_7シリーズ,ベージュ,24_7,,
197,ネイルホリック ２４＿７,,RD480,4000,24_7シリーズ,赤,24_7,,
198,ネイルホリック ２４＿７,,RD481,4000,24_7シリーズ,赤,24_7,,
199,ネイルホリック ２４＿７,,RD482,4000,24_7シリーズ,赤,24_7,,
200,ネイルホリック ２４＿７,,RD483,4000,24_7シリーズ,赤,24_7,,
201,ネイルホリック ２４＿７,,RD484,4000,24_7シリーズ,赤,24_7,,
202,ネイルホリック ２４＿７,,RO680,4000,24_7シリーズ,赤,24_7,,
203,ネイルホリック ２４＿７,,RO681,4000,24_7シリーズ,赤,24_7,,
204,ネイルホリック ２４＿７,,PK880,4000,24_7シリーズ,ピンク,24_7,,
205,ネイルホリック ２４＿７,,PK881,4000,24_7シリーズ,ピンク,24_7,,
206,ネイルホリック ２４＿７,,PK882,4000,24_7シリーズ,ピンク,24_7,,
207,ネイルホリック ２４＿７,,PK883,4000,24_7シリーズ,ピンク,24_7,,
208,ネイルホリック ２４＿７,,PK884,4000,24_7シリーズ,ピンク,24_7,,
209,ネイルホリック ２４＿７,,PK885,4000,24_7シリーズ,ピンク,24_7,,
210,ネイルホリック ２４＿７,,PK886,4000,24_7シリーズ,ピンク,24_7,,
211,ネイルホリック ２４＿７,,GY090,4000,24_7シリーズ,グレー,24_7,,
212,ネイルホリック ２４＿７,,GY091,4000,24_7シリーズ,グレー,24_7,,
213,ネイルホリック ２４＿７,,BE390,4000,24_7シリーズ,ベージュ,24_7,,
214,ネイルホリック ２４＿７,,GR790,4000,24_7シリーズ,緑,24_7,,
215,ネイルホリック ２４＿７,,PK890,4000,24_7シリーズ,ピンク,24_7,,
216,ネイルホリック ２４＿７,,PK891,4000,24_7シリーズ,ピンク,24_7,,
217,ネイルホリック,,SV045,3490,Future Metal,金/銀,Future Metal,,
218,ネイルホリック,,GD046,3490,Future Metal,金/銀,Future Metal,,
219,ネイルホリック,,PU140,3490,Future Metal,紫,Future Metal,,
220,ネイルホリック,,BE340,3490,Future Metal,ベージュ,Future Metal,,
221,ネイルホリック,,RO640,3490,Future Metal,赤,Future Metal,,
222,ネイルホリック,,GR740,3490,Future Metal,緑,Future Metal,,
223,ネイルホリック,,PK840,3490,Future Metal,ピンク,Future Metal,,
224,ネイルホリック,,PK841,3490,Future Metal,ピンク,Future Metal,,
225,ネイルホリック,,PK842,3490,Future Metal,ピンク,Future Metal,,
226,ネイルホリック,,BL940,3490,Future Metal,青,Future Metal,,
227,ネイルホリックリミテッドカラー,,SV075,100,Sparkle ornament ,金/銀,Sparkle ornament ,,
228,ネイルホリックリミテッドカラー,,GD076,100,Sparkle ornament ,金/銀,Sparkle ornament ,,
229,ネイルホリックリミテッドカラー,,GD077,100,Sparkle ornament ,金/銀,Sparkle ornament ,,
230,ネイルホリックリミテッドカラー,,PU172,100,Sparkle ornament ,紫,Sparkle ornament ,,
231,ネイルホリックリミテッドカラー,,OR271,100,Sparkle ornament ,オレンジ,Sparkle ornament ,,
232,ネイルホリックリミテッドカラー,,RD470,100,Sparkle ornament ,赤,Sparkle ornament ,,
233,ネイルホリックリミテッドカラー,,PK870,100,Sparkle ornament ,ピンク,Sparkle ornament ,,
234,ネイルホリックリミテッドカラー,,BL970,100,Sparkle ornament ,青,Sparkle ornament ,,
235,ネイルホリック,,BK032,3491,Jungle Glitter,白/黒,Jungle Glitter,,
236,ネイルホリック,,GD033,3491,Jungle Glitter,金/銀,Jungle Glitter,,
237,ネイルホリック,,BR330,3491,Jungle Glitter,茶,Jungle Glitter,,
238,ネイルホリック,,BR331,3491,Jungle Glitter,茶,Jungle Glitter,,
239,ネイルホリック,,PK332,3491,Jungle Glitter,ピンク,Jungle Glitter,,
240,ネイルホリック,,GR730,3491,Jungle Glitter,緑,Jungle Glitter,,
241,ネイルホリック オーロラグリッター,,WT062,3510,Aurora Glitter,白/黒,Aurora Glitter,,
242,ネイルホリック オーロラグリッター,,PU163,3510,Aurora Glitter,紫,Aurora Glitter,,
243,ネイルホリック オーロラグリッター,,YE563,3510,Aurora Glitter,黄,Aurora Glitter,,
244,ネイルホリック オーロラグリッター,,GR762,3510,Aurora Glitter,緑,Aurora Glitter,,
245,ネイルホリック オーロラグリッター,,PK864,3510,Aurora Glitter,ピンク,Aurora Glitter,,
246,ネイルホリック オーロラグリッター,,BL962,3510,Aurora Glitter,青,Aurora Glitter,,
247,2021年春新色,,BL923,7900,2021年春新色,青,2021年春新色,,
248,2021年春新色,,BL924,7900,2021年春新色,青,2021年春新色,,
249,2021年春新色,,GR717,7900,2021年春新色,青,2021年春新色,,
250,2021年春新色,,GR718,7900,2021年春新色,青,2021年春新色,,
251,2021年春新色,,GR719,7900,2021年春新色,青,2021年春新色,,
252,2021年春新色,,OR211,7900,2021年春新色,青,2021年春新色,,
253,2021年春新色,,OR212,7900,2021年春新色,青,2021年春新色,,
254,2021年春新色,,OR251,7900,2021年春新色,青,2021年春新色,,
255,2021年春新色,,PK829,7900,2021年春新色,青,2021年春新色,,
256,2021年春新色,,PU117,7900,2021年春新色,青,2021年春新色,,
257,2021年春新色,,RD415,7900,2021年春新色,青,2021年春新色,,
258,2021年春新色,,RD450,7900,2021年春新色,青,2021年春新色,,
259,2021年春新色,,RO607,7900,2021年春新色,青,2021年春新色,,
260,2021年春新色,,YE509,7900,2021年春新色,青,2021年春新色,,
261,2021年春新色,,YE510,7900,2021年春新色,青,2021年春新色,,
262,2021年春新色,,BL971,7900,2021年春新色,青,2021年春新色,,
263,2021年春新色,,OR272,7900,2021年春新色,青,2021年春新色,,
264,2021年春新色,,PK871,7900,2021年春新色,青,2021年春新色,,
265,2021年春新色,,PU173,7900,2021年春新色,青,2021年春新色,,
266,2021年春新色,,RD471,7900,2021年春新色,青,2021年春新色,,
267,2021年春新色,,YE571,7900,2021年春新色,青,2021年春新色,,
268,2021年春新色,,BL963,7900,2021年春新色,青,2021年春新色,,
269,2021年春新色,,BL964,7900,2021年春新色,青,2021年春新色,,
270,2021年春新色,,BL965,7900,2021年春新色,青,2021年春新色,,
271,2021年春新色,,BL966,7900,2021年春新色,青,2021年春新色,,
272,2021年春新色,,GY063,7900,2021年春新色,青,2021年春新色,,
273,2021年春新色,,GY064,7900,2021年春新色,青,2021年春新色,,
274,2021年春新色,,OR261,7900,2021年春新色,青,2021年春新色,,
275,2021年春新色,,PK865,7900,2021年春新色,青,2021年春新色,,
276,2021年春新色,,WT065,7900,2021年春新色,青,2021年春新色,,
277,2021年春新色,,WT066,7900,2021年春新色,青,2021年春新色,,
278,2021年春新色,,BL972,7900,2021年春新色,青,2021年春新色,,
279,2021年春新色,,GR771,7900,2021年春新色,青,2021年春新色,,
280,2021年春新色,,OR273,7900,2021年春新色,青,2021年春新色,,
281,2021年春新色,,PK872,7900,2021年春新色,青,2021年春新色,,
282,2021年春新色,,PU174,7900,2021年春新色,青,2021年春新色,,
283,2021年春新色,,PU175,7900,2021年春新色,青,2021年春新色,,
284,2021年春新色,,SV078,7900,2021年春新色,青,2021年春新色,,
285,2021年春新色,,YE572,7900,2021年春新色,青,2021年春新色,,
286,2021年7月新色,,BE322,8000,2021年7月新色,青,2021年7月新色,,
287,2021年7月新色,,BE323,8000,2021年7月新色,青,2021年7月新色,,
288,2021年7月新色,,BL925,8000,2021年7月新色,青,2021年7月新色,,
289,2021年7月新色,,BL926,8000,2021年7月新色,青,2021年7月新色,,
290,2021年7月新色,,BR324,8000,2021年7月新色,青,2021年7月新色,,
291,2021年7月新色,,GD036,8000,2021年7月新色,青,2021年7月新色,,
292,2021年7月新色,,GD037,8000,2021年7月新色,青,2021年7月新色,,
293,2021年7月新色,,GR720,8000,2021年7月新色,青,2021年7月新色,,
294,2021年7月新色,,GR721,8000,2021年7月新色,青,2021年7月新色,,
295,2021年7月新色,,GR722,8000,2021年7月新色,青,2021年7月新色,,
296,2021年7月新色,,GR723,8000,2021年7月新色,青,2021年7月新色,,
297,2021年7月新色,,GY034,8000,2021年7月新色,青,2021年7月新色,,
298,2021年7月新色,,GY035,8000,2021年7月新色,青,2021年7月新色,,
299,2021年7月新色,,OR213,8000,2021年7月新色,青,2021年7月新色,,
300,2021年7月新色,,PK830,8000,2021年7月新色,青,2021年7月新色,,
301,2021年7月新色,,PU118,8000,2021年7月新色,青,2021年7月新色,,
302,2021年7月新色,,PU119,8000,2021年7月新色,青,2021年7月新色,,
303,2021年7月新色,,RD416,8000,2021年7月新色,青,2021年7月新色,,
304,2021年7月新色,,RD417,8000,2021年7月新色,青,2021年7月新色,,
305,2021年7月新色,,RD418,8000,2021年7月新色,青,2021年7月新色,,
306,2021年7月新色,,BE386,8000,2021年7月新色,青,2021年7月新色,,
307,2021年7月新色,,BE387,8000,2021年7月新色,青,2021年7月新色,,
308,2021年7月新色,,PK887,8000,2021年7月新色,青,2021年7月新色,,
309,2021年7月新色,,PK888,8000,2021年7月新色,青,2021年7月新色,,
310,2021年7月新色,,BE391,8000,2021年7月新色,青,2021年7月新色,,
311,2021年7月新色,,BE392,8000,2021年7月新色,青,2021年7月新色,,
312,2021年7月新色,,BE393,8000,2021年7月新色,青,2021年7月新色,,
313,2021年7月新色,,BE394,8000,2021年7月新色,青,2021年7月新色,,
314,2021年7月新色,,BR395,8000,2021年7月新色,青,2021年7月新色,,
315,2021年7月新色,,RD490,8000,2021年7月新色,青,2021年7月新色,,