247,ネイルホリック,DLMI923,,,,,,,,,,,,,,,,,,,,,,,
248,ネイルホリック,DLMI924,,,,,,,,,,,,,,,,,,,,,,,
249,ネイルホリック,DLMI717,,,,,,,,,,,,,,,,,,,,,,,
250,ネイルホリック,DLMI718,,,,,,,,,,,,,,,,,,,,,,,
251,ネイルホリック,DLMI719,,,,,,,,,,,,,,,,,,,,,,,
252,ネイルホリック,DLMI211,,,,,,,,,,,,,,,,,,,,,,,
253,ネイルホリック,DLMI212,,,,,,,,,,,,,,,,,,,,,,,
254,ネイルホリック,DLMI251,,,,,,,,,,,,,,,,,,,,,,,
255,ネイルホリック,DLMI829,,,,,,,,,,,,,,,,,,,,,,,
256,ネイルホリック,DLMI117,,,,,,,,,,,,,,,,,,,,,,,
257,ネイルホリック,DLMI415,,,,,,,,,,,,,,,,,,,,,,,
258,ネイルホリック,DLMI450,,,,,,,,,,,,,,,,,,,,,,,
259,ネイルホリック,DLMI607,,,,,,,,,,,,,,,,,,,,,,,
260,ネイルホリック,DLMI509,,,,,,,,,,,,,,,,,,,,,,,
261,ネイルホリック,DLMI510,,,,,,,,,,,,,,,,,,,,,,,
262,ネイルホリック,DLNG971,,,,,,,,,,,,,,,,,,,,,,,
263,ネイルホリック,DLNG272,,,,,,,,,,,,,,,,,,,,,,,
264,ネイルホリック,DLNG871,,,,,,,,,,,,,,,,,,,,,,,
265,ネイルホリック,DLNG173,,,,,,,,,,,,,,,,,,,,,,,
266,ネイルホリック,DLNG471,,,,,,,,,,,,,,,,,,,,,,,
267,ネイルホリック,DLNG571,,,,,,,,,,,,,,,,,,,,,,,
268,ネイルホリック,DLNY963,,,,,,,,,,,,,,,,,,,,,,,
269,ネイルホリック,DLNY964,,,,,,,,,,,,,,,,,,,,,,,
270,ネイルホリック,DLNY965,,,,,,,,,,,,,,,,,,,,,,,
271,ネイルホリック,DLNY966,,,,,,,,,,,,,,,,,,,,,,,
272,ネイルホリック,DLNY063,,,,,,,,,,,,,,,,,,,,,,,
273,ネイルホリック,DLNY064,,,,,,,,,,,,,,,,,,,,,,,
274,ネイルホリック,DLNY261,,,,,,,,,,,,,,,,,,,,,,,
275,ネイルホリック,DLNY865,,,,,,,,,,,,,,,,,,,,,,,
276,ネイルホリック,DLNY065,,,,,,,,,,,,,,,,,,,,,,,
277,ネイルホリック,DLNY066,,,,,,,,,,,,,,,,,,,,,,,
278,ネイルホリック,DLNZ972,,,,,,,,,,,,,,,,,,,,,,,
279,ネイルホリック,DLNZ771,,,,,,,,,,,,,,,,,,,,,,,
280,ネイルホリック,DLNZ273,,,,,,,,,,,,,,,,,,,,,,,
281,ネイルホリック,DLNZ872,,,,,,,,,,,,,,,,,,,,,,,
282,ネイルホリック,DLNZ174,,,,,,,,,,,,,,,,,,,,,,,
283,ネイルホリック,DLNZ175,,,,,,,,,,,,,,,,,,,,,,,
284,ネイルホリック,DLNZ078,,,,,,,,,,,,,,,,,,,,,,,
285,ネイルホリック,DLNZ572,,,,,,,,,,,,,,,,,,,,,,,
