286,2021年7月新色,﻿DLMI322,,,,,,,,,,,,,,,,,,,,,,,
287,2021年7月新色,DLMI323,,,,,,,,,,,,,,,,,,,,,,,
288,2021年7月新色,DLMI925,,,,,,,,,,,,,,,,,,,,,,,
289,2021年7月新色,DLMI926,,,,,,,,,,,,,,,,,,,,,,,
290,2021年7月新色,DLMI324,,,,,,,,,,,,,,,,,,,,,,,
291,2021年7月新色,DLMI036,,,,,,,,,,,,,,,,,,,,,,,
292,2021年7月新色,DLMI037,,,,,,,,,,,,,,,,,,,,,,,
293,2021年7月新色,DLMI720,,,,,,,,,,,,,,,,,,,,,,,
294,2021年7月新色,DLMI721,,,,,,,,,,,,,,,,,,,,,,,
295,2021年7月新色,DLMI722,,,,,,,,,,,,,,,,,,,,,,,
296,2021年7月新色,DLMI723,,,,,,,,,,,,,,,,,,,,,,,
297,2021年7月新色,DLMI034,,,,,,,,,,,,,,,,,,,,,,,
298,2021年7月新色,DLMI035,,,,,,,,,,,,,,,,,,,,,,,
299,2021年7月新色,DLMI213,,,,,,,,,,,,,,,,,,,,,,,
300,2021年7月新色,DLMI830,,,,,,,,,,,,,,,,,,,,,,,
301,2021年7月新色,DLMI118,,,,,,,,,,,,,,,,,,,,,,,
302,2021年7月新色,DLMI119,,,,,,,,,,,,,,,,,,,,,,,
303,2021年7月新色,DLMI416,,,,,,,,,,,,,,,,,,,,,,,
304,2021年7月新色,DLMI417,,,,,,,,,,,,,,,,,,,,,,,
305,2021年7月新色,DLMI418,,,,,,,,,,,,,,,,,,,,,,,
306,2021年7月新色,DLOA386,,,,,,,,,,,,,,,,,,,,,,,
307,2021年7月新色,DLOA387,,,,,,,,,,,,,,,,,,,,,,,
308,2021年7月新色,DLOA887,,,,,,,,,,,,,,,,,,,,,,,
309,2021年7月新色,DLOA888,,,,,,,,,,,,,,,,,,,,,,,
310,2021年7月新色,DLOC391,,,,,,,,,,,,,,,,,,,,,,,
311,2021年7月新色,DLOC392,,,,,,,,,,,,,,,,,,,,,,,
312,2021年7月新色,DLOC393,,,,,,,,,,,,,,,,,,,,,,,
313,2021年7月新色,DLOC394,,,,,,,,,,,,,,,,,,,,,,,
314,2021年7月新色,DLOC395,,,,,,,,,,,,,,,,,,,,,,,
315,2021年7月新色,DLOC490,,,,,,,,,,,,,,,,,,,,,,,
